video_id,title_mk,title_en,llm_label_mk,llm_label_en
SXdOxQZ7Sew,Македонија доби условен датум за почеток на преговорите со ЕУ,Macedonia received a conditional date for the start of negotiations with the EU,neutral,positive
OUDZhf5eiDI,„Тврдокорни” и „Македонија блокира“ протестираат против преспанскиот договор,"""Hard-core"" and ""Macedonia blocks"" are protesting against the Prespa agreement",negative,neutral
ynIKtjEr1ww,13 земји членки на ЕУ со нон-пејпер агитираат на Македонија годинава да и се додели датум,13 member states of the EU are agitating with a non-paper to give Macedonia a date this year,negative,neutral
HodXlf_2Tok,Зголемен евроскептицизам по бугарското вето за Македонија,Increased Euroscepticism after the Bulgarian veto for Macedonia,negative,neutral
551Dj7UEOjY,Ангеловски: Најголемата последица од дезинформациите е намалувањето на довербата во институциите,Angelovski: The biggest consequence of misinformation is the reduction of trust in institutions,negative,neutral
DwHAzlYzvG0,Силна порака на Бачев: Нема промена на име и влез во НАТО и ЕУ,Bacev's strong message: No name change and entry into NATO and the EU,neutral,positive
4-xF9V3ev8s,Договор за името кој обединува?,A unifying name agreement?,negative,positive
xdiTwKMTuHE,24 анализа - Зошто институциите „го преспаа“ бегството на Груевски?,"24 analysis - Why did the institutions ""sleep over"" Gruevski's escape?",negative,neutral
NwRxWdIFUek,"Научете да верувате во самите себе, не постои идентитетска криза!","Learn to believe in yourself, there is no identity crisis!",positive,neutral
EPZviFoQ0xA,24 Отворено - Што ќе се подобри во животот на граѓаните со новите давачки?,24 Open - What will improve the lives of citizens with the new fees?,negative,neutral
soItt4viZys,"Бугарија со предупредување до ЕУ: Прво уставни измени, па интеграција на Македонија","Bulgaria with a warning to the EU: First constitutional amendments, then integration of Macedonia",neutral,negative
uZpGlz9Elco,Анкета на ИРИ: 57 отсто се за членство во НАТО и ЕУ под името Република Северна Македонија,IRI survey: 57 percent are in favor of NATO and EU membership under the name of the Republic of North Macedonia,negative,neutral
DBRov8dwXEw,"Додека во ЕУ се одлучува едногласно, Македонија не може да почне преговори без уставни измени","While decisions are made unanimously in the EU, Macedonia cannot start negotiations without constitutional amendments",negative,neutral
y-5SUSEmSAo,ЕУ и додели условен датум за преговори на Македонија,The EU granted Macedonia a conditional date for negotiations,negative,neutral
-G2k7cwlUpw,"Македонија во политичка криза, владата нема мнозинство во парламентот, БЕСА го напушти Заев","Macedonia is in a political crisis, the government does not have a majority in the parliament, BESA left Zaev",negative,neutral
FPXL9WWK6gE,Груби: Критериуми од 18 и 19-ти век за интеграција на Македонија во ЕУ,Grubi: Criteria from the 18th and 19th centuries for the integration of Macedonia in the EU,negative,neutral
HohAEDTGcp8,Драмата за доделување датум за преговори со ЕУ на Македонија продолжува и денеска,The drama about granting a date for negotiations with the EU to Macedonia continues today,negative,neutral
0nmSzbU578U,Макрон не попушти - Македонија не доби датум за преговори за почеток на преговорите со ЕУ 19h,Macron did not give in - Macedonia did not receive a date for negotiations for the start of negotiations with the EU 19h,negative,neutral
Lu3HJlwWc04,Европските дипломати признаваат дека ЕУ направи грешка што Македонија не почна преговори порано,European diplomats admit that the EU made a mistake that Macedonia did not start negotiations earlier,negative,neutral
by0b5nejRTQ,"Мицкоски: Има само една Македонија, со работа и реформи да влеземе во ЕУ","Mickoski: There is only one Macedonia, let's enter the EU with work and reforms",neutral,positive
4UFXWEv2uXw,Бугарија не отстапува од ветото за старт на преговорите - очекува конкретни чекори од Македонија,Bulgaria does not deviate from its veto for the start of negotiations - it expects concrete steps from Macedonia,negative,neutral
O7fRWw7Hhac,Во предвечерието на самитот за Западен Балкан - Македонија и Бугарија се уште без договор,On the eve of the summit for the Western Balkans - Macedonia and Bulgaria are still without an agreement,neutral,negative
02zC2FH4rNQ,Вжештена атмосфера во Грција спроти протести против терминот Македонија во името на земјава,Heated atmosphere in Greece in the face of protests against the term Macedonia in the name of the country,negative,neutral
ecaqdRglJ7I,Европратеникот Флекенштајн побара ЕУ лидерите да ги отворат пристапните преговори со Македонија,MEP Fleckenstein asked EU leaders to open accession negotiations with Macedonia,positive,neutral
8rcyDB3dtpk,Покрај интелектуалци во Бугарија и политички партии против ветото за Македонија,In addition to intellectuals in Bulgaria and political parties against the veto for Macedonia,negative,neutral
fYlN0wwszOE,24 Отворено - Ќе има ли одговорност и последици за собраниското фијаско?,24 Open - Will there be responsibility and consequences for the parliamentary fiasco?,negative,neutral
3dlyjEPynwo,Што ќе одговори Македонија ако Софија даде зелено светло за францускиот предлог,What will Macedonia respond if Sofia gives the green light to the French proposal?,negative,neutral
lXNVmndAa7k,24 анализа - Дали политиката ги користи младите навивачи за остварување на свои цели?,24 analysis - Does politics use young fans to achieve their goals?,negative,neutral
TXr8RWBowXo,"НАТО и посака добредојде на Македонија во алијансата, членството важно и за државата и за регионот","NATO welcomed Macedonia to the alliance, the membership is important for both the country and the region",positive,neutral
1Nz4mX6GsWU,Поткаст: Антикорупција во судниците,Podcast: Anti-corruption in courtrooms,negative,neutral
LuMprZm4nII,"Македонскиот идентитет е како Менделеев систем, со сите елементи | проф д-р Весна Мојсова-Чепишевска","The Macedonian identity is like a Mendeleev system, with all the elements Prof. Dr. Vesna Moysova-Chepishevska",neutral,positive
phi4Ggq7a0g,Анализа: Онлајн екстремизам и говор на омраза во Македонија,Analysis: Online extremism and hate speech in Macedonia,negative,neutral
VGl25nYEDNM,Мицкоски: Македонија е на работ на уставно-политичка криза,Mickoski: Macedonia is on the verge of a constitutional-political crisis,negative,neutral
N6TuHw8ZTfM,Танец: 75 години чувар на македонскиот културен идентитет,Dance: 75 years of guardianship of the Macedonian cultural identity,positive,neutral
Jj5_Ycwn-ig,Пендаровски: Македонија нема да пропадне ако ги внесеме Бугарите во Уставот,Pendarovski: Macedonia will not fail if we include the Bulgarians in the Constitution,negative,neutral
P11D7ynrit0,Пратениците обезбедија двотретинско мнозинство за уставни измени,Deputies secured a two-thirds majority for constitutional amendments,negative,positive
DGk4infDKw8,Политичкиот проблем со името на Македонија повторно дел од квизот „Кој сака да биде милионер“,"The political problem with the name of Macedonia again part of the quiz ""Who wants to be a millionaire""",negative,neutral
jQQGufDhmwA,VO ЦENTAR Franцusko Rambuјe za Makedoniјa!,VO CENTAR France Rambuje za Makedonija!,negative,positive
HZQ4TYsd_hI,„Двојното убиство е колективна траума“: Трилинг ги анализира психолошките елементи по трагедијата,"""Double homicide is a collective trauma"": Trilling analyzes the psychological elements after the tragedy",neutral,negative
1QnKdPN4CP0,"Тема на денот: Што добива, а што губи Македонија со францускиот предлог?",Topic of the day: What does Macedonia gain and what does it lose with the French proposal?,negative,neutral
yu7i_tI2gN4,Состанок на коалицискиот совет за бугарското вето за Македонија - што велат аналитичарите?,Meeting of the coalition council on the Bulgarian veto for Macedonia - what do the analysts say?,negative,neutral
-hf8VtgXYPo,Апасиев - како да се поништи преспански?,Apasiev - how to cancel Prespanski?,negative,neutral
XS8MEfACVvA,Што ќе се промени кога ќе се промени името на Македонија! Секој Македонец да,What will change when the name of Macedonia is changed! Every Macedonian yes,negative,neutral
_77idUINyUg,МВР ги повикува граѓаните да подигнат потврди со името Република Северна Македонија 28 02 19,The Ministry of the Interior invites citizens to pick up certificates with the name Republic of North Macedonia 28 02 19,negative,neutral
Z2B9JqJTtmw,"Трибина- ‘’Македонија: Името е Татковина, а Јазикот душа на Македонците’’.","Tribune- ""Macedonia: The name is Motherland, and the Language is the soul of the Macedonians"".",neutral,positive
H9G7hiYzy6M,"Захариева: Ако Македонија ги признае бугарските корени, нема да има вето","Zaharieva: If Macedonia recognizes the Bulgarian roots, there will be no veto",negative,neutral
S39QxMmFw1o,Филип Петровски во ТешкиМуабети: Кој нѐ спречува утре да имаме градоначалник на Лерин Македонец?,Filip Petrovski in TeshkiUabeti: Who prevents us from having a mayor of Lerin Makedonec tomorrow?,positive,neutral
orGQIi5yfLI,Македонија прв пат на НАТО самит како полноправна членка - Што ќе донесе средбата Заев-Радев?,Macedonia's first time at a NATO summit as a full member - What will the Zaev-Radev meeting bring?,positive,neutral
IodnnMkdptg,Што бара Радев од Македонија да исполни за да Бугарија го подигне ветото?,What does Radev ask Macedonia to fulfill in order for Bulgaria to lift the veto?,negative,neutral
GdjQdGhIV9k,Анкета: Бугарските условувања ја намалија довербата во ЕУ институциите,Poll: Bulgarian conditions have reduced trust in EU institutions,negative,neutral
InUrI9xlHn8,Психотерапевт Данче ПАУНОВСКА ВО КОНТРААРГУМЕНТ,Psychotherapist Danche PAUNOVSKA IN COUNTER-ARGUMENT,neutral,positive
R6nDpY_K7ZQ,Силјановска: Името ни е Македонија,Siljanovska: Our name is Macedonia,positive,negative
feHexA3rszo,Не запираат острите реакции за името Македонија,The sharp reactions to the name Macedonia do not stop,negative,neutral
9XzxvaGaeRs,Како да се врати името РЕПУБЛИКА МАКЕДОНИЈА,How to restore the name REPUBLIC OF MACEDONIA,negative,neutral
ZmmgufsbMxQ,МИЛОШОСКИ: ПОЛИТИЧКА КРИЗА ПО ВЕТОТО - СДСМ: БЛОКАДАТА ОД БУГАРИЈА НЕ Е ВО ЕВРОПСКИ ДУХ,MILOSHOSKI: POLITICAL CRISIS AFTER THE VETO - SDSM: THE BLOCKADE FROM BULGARIA IS NOT IN THE EUROPEAN SPIRIT,neutral,negative
Cv7BeL5FxZE,„Во фокус“ за Преспански договор - Што ќаривме економски од загубата на уставното име?,"""In focus"" for the Prespa agreement - What did we gain economically from the loss of the constitutional name?",negative,neutral
grje2Przj6s,Бугарија ја блокираше и Македонија и проширувањето,Bulgaria also blocked Macedonia and the enlargement,negative,neutral
cedo4QFli3w,Владиката Агатангел повика на протест в недела пред седиштето на ЕУ во Скопје,Bishop Agatangel called for a protest on Sunday in front of the EU headquarters in Skopje,negative,neutral
GPg_xRxroNI,Донев за Алфа: Брегзит ќе има последици и за Македонија,Donev for Alfa: Brexit will have consequences for Macedonia as well,negative,neutral
QgJiryEjC7E,Европски либерали: Методологијата да донесе побрза интеграција во ЕУ,European liberals: The methodology to bring faster integration in the EU,negative,neutral
XiOZSLzmd8k,Бугарија го стави првото вето - има ли се уште надеж за преговори?,Bulgaria put the first veto - is there still hope for negotiations?,negative,neutral
HxpMqFLIWtA,Македонскиот идентитет и евроинтеграциите: Повик за единство и достоинство,Macedonian identity and European integration: A call for unity and dignity,neutral,positive
7pjt5FXpW0c,Бугарија го стави првото вето - има ли се уште надеж за преговори?,Bulgaria put the first veto - is there still hope for negotiations?,negative,neutral
y3sDejGok80,"Заев не кажа прецизно дали ќе почнеме преговори со ЕУ, како Македонци кои постоеле и пред 1944","Zaev did not say precisely whether we will start negotiations with the EU, as Macedonians who existed before 1944",negative,neutral
HyeucgUgOVU,"Што понатаму по денешното ново вето од Бугарија? „Има надеж“, одговара Османи во „ClickPlus""","What next after today's new veto from Bulgaria? ""There is hope"", answers Osmani in ""ClickPlus"".",neutral,positive
sUju9hX9FtM,"Макрон пак му се јавил на Радев, што стои во новиот француски предлог ?","Macron called Radev again, what is in the new French proposal?",negative,neutral
m_ABIhyh_28,Што значи во пракса вметнувањето на Бугарите во македонскиот Устав?,What does the inclusion of Bulgarians in the Macedonian Constitution mean in practice?,negative,neutral
M-tRDy9KrpI,Пендаровски: Далеку подобар е овој модификуван француски предлог од претходниот,Pendarovski: This modified French proposal is far better than the previous one,neutral,positive
l7hr4xzhFGY,"Порака од Париз и Софија: Францускиот предлог идентичен како првиот, сите бугарски услови се во него","Message from Paris and Sofia: The French proposal is identical to the first, all the Bulgarian conditions are in it",neutral,negative
Wo9qFWlf5rg,Заев: Европа има должност да го негува нашиот македонски идентитет,Zaev: Europe has a duty to nurture our Macedonian identity,negative,neutral
b9xmotSMd7c,"Македонскиот јазик и идентитет да не бидат ни ""модерни"", ни ""вековни"". Филипче бара неутрален став","The Macedonian language and identity should be neither ""modern"" nor ""age-old"". Filipce is looking for a neutral position",negative,neutral
-MK2SR3pRF8,На 24 часа пред завршувањето на претседателството Франција нема нов официјален предлог,"24 hours before the end of the presidency, France has no new official proposal",neutral,negative
WalEiZbkz6s,Семејство од Прилеп 15 години се бори да спречи рушење на својата куќа,A family from Prilep has been fighting to prevent the demolition of their house for 15 years,negative,neutral
EQH5pWWllXk,Законот за јазици заглавен во преводот на амандманите,Language Act stuck in translation of amendments,neutral,negative
wVphLBoN2-o,"Макрон гледа многу работа пред Северномакедонците, напредок е можен во следните денови","Macron sees a lot of work ahead of the North Macedonians, progress is possible in the coming days",positive,neutral
PRj_U5days8,Се позивесно ново бугарско вето,A new Bulgarian veto is getting stronger,negative,neutral
rf6JL5tbGcY,Апел за помош на семјствата чиј куќи изгореа по удар на гром во Прилеп,Appeal for help to the families whose houses burned down after a lightning strike in Prilep,positive,neutral
Dd4K7h1VIdE,Пендаровски: Нема толеранција за насилство врз жени и деца,Pendarovski: There is no tolerance for violence against women and children,neutral,positive
kNobEkZNRjo,Заев ветуваше дека Уставот нема да се менува,Zaev promised that the Constitution would not be changed,negative,neutral
O-vxmD6Go3U,ВМРО-ДПМНЕ ќе достави резолуција за Бугарија - СДСМ: Македонскиот идентитет е признаен,VMRO-DPMNE will submit a resolution on Bulgaria - SDSM: Macedonian identity is recognized,positive,neutral
BUEHmHFjeQY,Заев од Берлин: Македонскиот јазик и идентитет се реалност,Zaev from Berlin: Macedonian language and identity are a reality,neutral,positive
Uyxf258TYME,Анкета на ИПИС: Над 70% од граѓаните се против францускиот предлог,IPIS poll: Over 70% of citizens are against the French proposal,negative,neutral
GAz-Ffe0GXM,Демолиран бугарскиот клуб „цар Борис трети“ во Охрид,"The Bulgarian club ""Csar Boris Treti"" in Ohrid was demolished",negative,neutral
GS6B6sG601Y,"УТРИНСКА ТЕМА - СЕ БЛИЖИ КРАЈОТ НА УЧЕБНАТА ГОДИНА, СТРЕС ЗА УЧЕНИЦИТЕ И ЗА РОДИТЕЛИТЕ","MORNING TOPIC - THE END OF THE SCHOOL YEAR IS APPROACHING, STRESS FOR STUDENTS AND PARENTS",negative,neutral
NvjfoCeY_Pw,"Нема француски предлог, но има интензивни напори на Франција, вели Ковачевски","There is no French proposal, but there are intense efforts by France, Kovacevski says",negative,neutral
PElVRqYjUwU,"Француски предлог: Жестоки критики од екс македонски политичари, но и интелектуалци","French proposal: Violent criticism from former Macedonian politicians, but also intellectuals",negative,neutral
UemiOvQ1MPc,"🗣️ Тодоров: Тогаш полесно му беше на Заев, сега ќе биде потешко за Мицкоски политиканти избори2024","🗣️ Todorov: Then it was easier for Zaev, now it will be more difficult for Micko politicians elections 2024",negative,neutral
MDpIWCsaiTQ,"Политико: ""Бугарски компромис"" за македонски јазик и идентитет врз бугарски темели","Politiko: ""Bulgarian compromise"" for Macedonian language and identity based on Bulgarian foundations",negative,neutral
_dyniJ7QJ1E,Ковачевски го одби францускиот предлог,Kovacevski rejected the French proposal,negative,neutral
364Mpy2G688,Ѓурчески: Премиерот не требаше јавно да споделува разузнавачки информации за платени руски ботови,Gyurcheski: The prime minister should not have publicly shared intelligence about paid Russian bots,negative,neutral
lQN-jA58Wpk,"Ковачевски, Мишел и Денков порачуваат нема дру пат освен уставни измени","Kovacevski, Michel and Denkov say there is no other way than constitutional amendments",negative,neutral
3tk2Pt9IZyg,"Стаменковска: Нема да гласам за уставни измени, личен став е, не е партиски","Stamenkovska: I will not vote for constitutional amendments, it is a personal opinion, not a party one",negative,neutral
kr9N3Gf89uU,Илина Ведран: Нашите мисли имаат огромна моќ,Ilina Vedran: Our thoughts have enormous power,positive,neutral
FtuN7rz8mNA,Бугарија го демантира Груби: Нема никаков француски предлог,Bulgaria denies Grubi: There is no French proposal,negative,neutral
xXrZjObDRRs,Германија очекува почеток на преговори ЕУ - Македонија во декември,Germany expects the start of EU-Macedonia negotiations in December,positive,negative
fbnDYYxcjV0,Германија очекува почеток на преговори ЕУ - Македонија во декември,Germany expects the start of EU-Macedonia negotiations in December,neutral,positive
FoowhPiZ9Nk,Дебата во Вашингтон: ЕУ треба да и даде датум за преговори на Северна Македонија во јуни,Debate in Washington: EU should give North Macedonia a date for negotiations in June,negative,positive
kBSlBrWGm50,Мета: Не сакаме и не работиме за одвојување на Македонија од Албанија на патот кон ЕУ,Goal: We do not want and are not working to separate Macedonia from Albania on the way to the EU,negative,positive
SFjo4M3uvuU,ЕВРОПАТ: На Европската новогодишна честитка за Македонија пишува - уставни измени,EUROPE: The European New Year card for Macedonia says - constitutional amendments,negative,neutral
dZOBQHp2afw,Владејачките партии во Бугарија се оградија од ставовите на Трифонов за Македонија,The ruling parties in Bulgaria distanced themselves from Trifonov's views on Macedonia,negative,neutral
t4eDXS7d9tw,Бугарија ќе ѝ помага на Македонија во справување со енергетската криза,Bulgaria will help Macedonia in dealing with the energy crisis,positive,neutral
5ePsh5ADOFo,Вучиќ: Тешко дека Македонија и Албанија ќе добијат датум за преговори со ЕУ,Vucic: It is unlikely that Macedonia and Albania will get a date for negotiations with the EU,negative,neutral
9A4AqYj663g,Вархеји не верува дека Македонија годинава ќе почне преговори со ЕУ,Varheji does not believe that Macedonia will start negotiations with the EU this year,negative,neutral
uHXyDavUaLk,Гир: Политичкиот консензус во Македонија е клучот за уставни измени и евроинтеграциите,Gir: The political consensus in Macedonia is the key to constitutional changes and European integration,positive,neutral
60kLyJg_ePY,Ведран: Говорот на омраза треба да се гледа и низ призмата на колективната траума,Vedran: Hate speech should also be seen through the prism of collective trauma,neutral,positive
5jyckxAxiF8,Австрија со јасна поддршка за преговори за Македонија,Austria with clear support for negotiations on Macedonia,positive,neutral
CVhQaBIwFys,Трошановски:Нема продолжување на евроинтеграцијата на Македонија ако Бугарија остане на ветото,Troshanovski: There will be no continuation of Macedonia's European integration if Bulgaria remains on the veto,negative,neutral
Xy-fTTDwuyA,Порака од ЕУ: Ако нема уставни измени на Македонија и се заканува изолација,"Message from the EU: If there are no constitutional changes in Macedonia, isolation is threatened",negative,neutral
r6ddXosGVnU,Меѓувладина седница Македонија – Албанија: Заедничка цел – членство во ЕУ до 2030 година,Intergovernmental meeting Macedonia - Albania: Common goal - EU membership by 2030,positive,neutral
3Xq1CKezbsA,"ЕУ се поблиску до консензус за Македонија, сега проблем е пакетот со Албанија!?","The EU is closer to a consensus on Macedonia, now the problem is the package with Albania!?",negative,neutral
jhqhsSy0AGY,Димушевска: Институциите имаат одговорност да ја вратат довербата на жените жртви на насилство,Dimushevska: Institutions have a responsibility to restore the trust of women victims of violence,negative,neutral
Jk4w9_IKAWY,"Кога ќе дишеме чист воздух? Владата тврди дека ќе го намали аерозагадувањето, граѓаните песимисти.","When will we breathe clean air? The government claims that it will reduce air pollution, the citizens are pessimistic.",neutral,negative
XhTOqmXZnEM,Македонија во ООН,Macedonia in the UN,positive,neutral
4467AOsnQ70,Хоџиќ: Институциите да поработат на враќање на довербата на граѓаните,Hodzic: The institutions should work on restoring the trust of the citizens,positive,neutral
Gj4L5NpyaxE,Совет на Европа: Македонија е демократска држава каде што се почитуваат политичките слободи,Council of Europe: Macedonia is a democratic state where political freedoms are respected,positive,neutral
24IZ7rk8YaM,ЈасноИГласно Кога ќе дишеме чист воздух,Clear and loud When we breathe clean air,negative,positive
YcEAsBSF2lQ,"Прес конференција, Јанко Бачев, 18.04.2018","Press conference, Janko Bachev, 18.04.2018",negative,neutral
IQukOuSHUDY,ВМРО-ДПМНЕ нема да поддржи уставни измени без гаранции од ЕУ дека ќе нема ново вето од Бугарија,VMRO-DPMNE will not support constitutional amendments without guarantees from the EU that there will be no new veto from Bulgaria,negative,neutral
FN_MjAdElrw,Грција вечерва на нозе - Се “брани грчкиот карактер на Македонија”,"Greece on its feet tonight - ""The Greek character of Macedonia is being defended""",negative,positive
OmWDEDYgGLg,Дали новите законски измени ќе овозмножат вистинска борба со корупцијата?,Will the new legal amendments increase the real fight against corruption?,negative,neutral
Vv-GoVLUIh8,Нова реторика од Москва за стара политика кон Македонија?,New rhetoric from Moscow for old policy towards Macedonia?,negative,neutral
p_N2qgMoB0A,Маровиќ: Не е паметно повлекувањето пари да се условува со измени на Уставот,Marović: It is not wise to condition the withdrawal of money on amendments to the Constitution,negative,neutral
J33W0uyvxuo,Сервер за Канал 5: Бугарските барања за Македонија се навредливи,Server for Kanal 5: Bulgarian demands for Macedonia are offensive,negative,neutral
ApXqwI9Np7E,Муртезани сметa дека само брзи уставни измени водат до преговори со ЕУ,Murtezani believes that only quick constitutional changes lead to negotiations with the EU,negative,neutral
9B_gB7xdj9E,Говор на омраза - Битола,Hate speech - Bitola,negative,neutral
hdI2UStSqH8,Јасно и Гласно: Владата тврди дека ќе го намали,Loud and clear: the government claims that it will reduce it,negative,neutral
84-lYdFjPiA,"„Вајмарска тројка“: Без уставни измени, постои ризик од раздвојување на Македонија и Албанија","""Weimar troika"": Without constitutional changes, there is a risk of separation of Macedonia and Albania",negative,neutral
NJ_-bz_FSMY,"Димитров: Ако нема преговори за интеграција, пораката е џабе решавате проблеми","Dimitrov: If there are no integration negotiations, the message is that you are solving problems for nothing",negative,neutral
qdrW4wmNK6E,За Пендаровски е прифатлив модифицираниот француски предлог,"For Pendarovski, the modified French proposal is acceptable",neutral,positive
xxqKuFFA7vc,"Тетка Васка Илиева - Група Кафе клуб, Сиднеј","Aunt Vaska Ilieva - Coffee Club Group, Sydney",positive,neutral
VZdbFB5zpxY,Македонија ја заокружи воената интеграција во НАТО,Macedonia completed its military integration in NATO,positive,neutral
FmPc8WANRHI,Промоција на младински активизам - Младите од руралните средини за интеграција на Македонија во ЕУ,Promotion of youth activism - Young people from rural areas for the integration of Macedonia in the EU,positive,neutral
B82xHGB7FuY,Грчев: Македонија не е способна согласно законот и Уставот да изгради споменик,"Grchev: Macedonia is not capable, according to the law and the Constitution, to build a monument",negative,neutral
wZ0HKIAJoaQ,Брок: Проширувањето на ЕУ не е одложено бидејќи е од заеднички интерес за сите страни,Brock: EU enlargement is not delayed because it is of common interest to all parties,positive,neutral
bAGJ8TDVqaM,Испреплетени истории | промоција на едукативни видеа,Intertwining Histories | promotion of educational videos,neutral,positive
23ft_KC3hQo,Протест против омаловажување на македонскиот идентитет во Скопје,Protest against denigration of Macedonian identity in Skopje,negative,neutral
73ZwmGndqZ4,"Жерновски од ООН: По надминување на политичката криза, Владата ги забрза реформите во земјата","Zernovski from the UN: After overcoming the political crisis, the Government accelerated reforms in the country",positive,neutral
x3cTiElCr4o,МАКЕДОНИЈА ВО КОЛЕКТИВНА ТРАУМА - КАКО ДА СЕ ЗАЛЕЧАТ РАНИТЕ ПО ТРАГЕДИЈАТА ВО КОЧАНИ?,MACEDONIA IN COLLECTIVE TRAUMA - HOW TO HEAL THE WOUNDS AFTER THE TRAGEDY IN KOCANI?,negative,neutral
-u-oSfCxE-0,"Демонстрати симнаа девојка од бина, извикувала слогани за ЕУ и НАТО","Demonstrators took down a girl from the stage, she was shouting slogans about the EU and NATO",negative,neutral
Fj85OANFj-U,"Заев: Продолжуваме инклузивно, над партиските определби, да обезбедиме членство во НАТО и ЕУ","Zaev: We continue inclusively, above party affiliations, to secure membership in NATO and the EU",positive,neutral
Zx1CNxT6oGg,"Одбележување на Светскиот ден на книгата и авторското право, 2025","Celebrating World Book and Copyright Day, 2025",positive,neutral
GU3qLw8pu7c,Бугарија и денеска го блокираше стартот на преговорите за членство во ЕУ,"Even today, Bulgaria blocked the start of the EU membership negotiations",neutral,negative
PGG5q0E1qeE,"Мицкоски: Уставни измени нема да има,текстот е наприфатлив и штетен за Македонија","Mickoski: There will be no constitutional amendments, the text is acceptable and harmful for Macedonia",negative,neutral
p5sMhQSQ388,"Стрес, паника, криза, нервоза причини за нарушување на менталното здравје, штипјани ретко ...","Stress, panic, crisis, nervousness are causes of mental health disorders, pinchers rarely ...",negative,neutral
aL1wIpGmcqw,Петков: Македонија има историска шанса годинава да почне преговори со ЕУ,Petkov: Macedonia has a historic chance to start negotiations with the EU this year,positive,neutral
yV4tzx4Nvnc,Македонија во колективна тага - Дали се извлекува поука од ваквите трагедии 24.11.2021,Macedonia in collective grief - Is there a lesson to be learned from such tragedies 24.11.2021,negative,neutral
aYlhXyy0mg8,Кордалов: Довербата во лажните вести е обратнопропорционална од довербата во јавните институции,Kordalov: Trust in fake news is inversely proportional to trust in public institutions,positive,neutral
G6JcJiWvML8,Тежок разговор на Бугарскиот премиер со новинарот на BBC Стевен Сакур (ВИДЕО),Difficult conversation of the Bulgarian Prime Minister with BBC journalist Steven Sakur (VIDEO),negative,neutral
YLY_ggZCxVo,Радев најави можност да се крене бугарското вето!?,Radev announced the possibility of lifting the Bulgarian veto!?,positive,neutral
cqv_wfc2tuU,"Марта Кос во посета на Македонија, утре самит ЕУ- Западен Балкан за планот за раст","Marta Kos visiting Macedonia, tomorrow the EU-Western Balkans summit on the growth plan",neutral,positive
E8JmJ9U_r98,Пахор: ЕУ да почне преговори со Северна Македонија без никакви одолговлекувања,Pahor: The EU should start negotiations with North Macedonia without any delays,negative,positive
KM2txtP4rp0,"Завршија песните и музиката, Македонија ја чека сериозна работа за интеграција во НАТО и ЕУ","The songs and music are over, Macedonia is waiting for serious work for integration into NATO and the EU",negative,neutral
dt--Wth4W5g,Дали и колку Македонија е подготвена за преговори со ЕУ -тимовите градени во 2005 и 2009 не постојат,Whether and to what extent Macedonia is ready for negotiations with the EU - the teams built in 2005 and 2009 do not exist,negative,neutral
Q9bIDNrfX0Q,Бушати: Албанците во Македонија да дадат поддршка на историскиот Преспански договор,Bushati: Albanians in Macedonia should support the historic Prespa agreement,negative,neutral
XI_heZpp9Wg,"Ако уставни измени беа услов за членство во ЕУ, Македонија требаше да биде најдобрата членка на ЕУ.","If constitutional amendments were a condition for EU membership, Macedonia should have been the best member of the EU.",positive,negative
iKhq5V3-F-c,МАКЕДОНИЈА И АЛБАНИЈА СЕ НАДЕВААТ НА СТАРТ НА ПРЕГОВОРИ ВО ЈУНИ- ЕУ СО РЕЗЕРВИРАН ОПТИМИЗАМ,MACEDONIA AND ALBANIA HOPE TO START NEGOTIATIONS IN JUNE - EU WITH RESERVED OPTIMISM,positive,neutral
OyJVRQAQaWE,Албанија станува пречка за старт на преговори меѓу Македонија и ЕУ?,Is Albania becoming an obstacle for the start of negotiations between Macedonia and the EU?,negative,neutral
nryX2OJyhYY,Поништување на преспански договор,Annulment of prespa contract,neutral,negative
8c8UBqoXG3Y,Влада: Македонија останува посветена на патот кон интеграција во ЕУ,Government: Macedonia remains committed to the path to EU integration,neutral,positive
0-GVre4jAY0,Засилени реформи па датум за преговори - Македонија пред испит на патот кон ЕУ,Strengthened reforms and a date for negotiations - Macedonia before an exam on the road to the EU,negative,neutral
pCRKo1rAf1U,"Тигањ: Северна Македонија спроведе болни реформи, заслужува отворање преговори за членство во ЕУ","Tiganj: North Macedonia implemented painful reforms, deserves to open negotiations for EU membership",positive,negative
RpU_9bGqfG4,Могерини уште еднаш повика членките на ЕУ да отворат преговори со Македонија,Mogherini once again called on the EU members to open negotiations with Macedonia,negative,neutral
hwhaWjT-hUE,Коцијанчич не коментира за заканата на Мицотакис за грчко вето за Македонија во ЕУ,Kociancic did not comment on Mitsotakis' threat of a Greek veto for Macedonia in the EU,negative,neutral
azHBDlO9km8,Десетици илјади граѓани на протест во Скопје против новиот француски предлог,Tens of thousands of citizens protested in Skopje against the new French proposal,negative,neutral
9cDwVKJaT_E,БЕСА ќе бара уставни измени за права за Албанците при гласање на договорот со Грција,BESA will demand constitutional amendments for rights for Albanians when voting on the agreement with Greece,positive,neutral
I8mDo13zmRQ,Заев: Македонија го зајакна својот идентитет,Zaev: Macedonia has strengthened its identity,neutral,positive
aNGhmeXo1RY,"Слово за живот, април 2025.","Word of Life, April 2025.",positive,neutral
AZIRxs2gv-c,Пировска: Приоритет на Владата ќе биде да ја врати довербата на граѓаните во институциите,Pirovska: The Government's priority will be to restore citizens' trust in the institutions,positive,neutral
tXIjqdXZYbU,Бугарија барала формула за Македонија да почне преговори со ЕУ,Bulgaria was looking for a formula for Macedonia to start negotiations with the EU,negative,neutral
cZ4GwS_FqNM,Премиерот Заев: Не губам надеж дека ќе се смогнат сили да обезбедиме двотретинско мнозинство,Prime Minister Zaev: I do not lose hope that we will be able to secure a two-thirds majority,negative,neutral
QqaTXrUXog4,Eксперти: Измените во Преамбулата на Уставот носат неизвесност за иднината на Македонија,Experts: The changes in the Preamble of the Constitution bring uncertainty about the future of Macedonia,negative,neutral
5HjJtG4sFiY,Захариева експлицитно не потврдува евентуално бугарско вето за Македонија,Zaharieva does not explicitly confirm a possible Bulgarian veto for Macedonia,negative,neutral
fIGSbXx4vm0,"Масовни протести во Атина, Грците го бранат името Македонија","Mass protests in Athens, Greeks defend the name Macedonia",negative,neutral
V-K8W5Cxkeg,„Агенти на промени“ - правосудната фела трага по унифицираност за ПИ-мерките,"""Agents of change"" - the judiciary is looking for unification for PI measures",negative,positive
hWqa2eP1Pvs,"Во Македонија не пристигнал таканаречен француски предлог, вели премиерот Ковачевски","No so-called French proposal has arrived in Macedonia, says Prime Minister Kovacevski",negative,neutral
IWWW0LYU-9Q,Лидерот на албанската опозиција Сали Бериша нападнат на протестот во Тирана,"The leader of the Albanian opposition, Sali Berisha, was attacked at the protest in Tirana",negative,neutral
S_baQGmVSs4,БУГАРИЈА НЕМА УСЛОВИ ЗА ЕУ ПРЕГОВОРИ ЗА МАКЕДОНИЈА 17 06 2021,BULGARIA DOES NOT HAVE CONDITIONS FOR EU NEGOTIATIONS FOR MACEDONIA 17 06 2021,negative,neutral
my4moQ3KYAc,"Каменос бара референдум за името на Македонија и во Грција, владата на Ципрас против","Kamenos demands a referendum on the name of Macedonia and in Greece, the government of Tsipras against",negative,neutral
dSc0V4fc4oc,"СКЕН - политички видео магазин: 27 април, обид за убиство на демократијата","SKEN - political video magazine: April 27, attempt to kill democracy",negative,neutral
EKyjlo6kGsA,"Извршниот директорот на Ромалитико, Суад Скендери гостин во емисијата ""Јасно и Гласно"" на Канал5","The CEO of Romalitico, Suad Skenderi, guest in the program ""Jasno i Glasno"" on Kanal5",negative,neutral
JNSRyP8KTHQ,Ковачевски: Уставни измени се пат на Македонија кон ЕУ,Kovacevski: Constitutional amendments are Macedonia's path to the EU,positive,neutral
Grh_CQ1bjYI,ВМРО-ДПМНЕ ќе поднесе резолуција во која ќе се дефинирани и заштитени македонските позиции,VMRO-DPMNE will submit a resolution in which Macedonian positions will be defined and protected,positive,neutral
P4NmYk8CO-w,Георгиевски: Бугарското вето ќе ги мобилизира просрпските сили во Македонија,Georgievski: The Bulgarian veto will mobilize pro-Serb forces in Macedonia,negative,neutral
srAdTcD69wY,Бугарија очекува Македонија да го измени Уставот,Bulgaria expects Macedonia to amend the Constitution,negative,neutral
SxG85kcb4ec,Какво јаболко може да загризе Македонија со францускиот предлог?,What kind of apple can Macedonia bite into with the French proposal?,negative,neutral
ED4wo75t7JQ,Незири: Нова влада без нови избори води во нова политичка криза,Neziri: A new government without new elections leads to a new political crisis,negative,neutral
r8_3Z1ey6BY,"Протести во Солун, илјадници Грци порачаа „Македонија е грчка“","Protests in Thessaloniki, thousands of Greeks said ""Macedonia is Greek""",negative,neutral
Kg05zHnhbvI,Мицкоски: Уставни измени во овој пратенички состав под бугарски диктат нема да има,Mickoski: There will be no constitutional changes in this parliamentary composition under Bulgarian dictation,negative,neutral
OL2td-y6A-c,Психолозите апелираат сите оние кои имаат потреба да побараат психолошка помош,Psychologists appeal to all those who need to seek psychological help,neutral,positive
olSrc8qTSHs,"Николовски: Треба да бидеме држава на изграден национален индентитет, кој сите ќе ги обединува","Nikolovski: We need to be a state with a built national identity, which will unite everyone",negative,neutral
j3zFVpvb-zA,ПАТОТ НА МАКЕДОНИЈА КОН ЕУ - ЖБОГАР: НЕ ГЛЕДАМ ПРЕЧКИ ЗА ИНТЕГРАЦИЈА,MACEDONIA'S ROAD TO THE EU - ŽBOGAR: I DON'T SEE OBSTACLES TO INTEGRATION,neutral,positive
V0n0Hz7iFbE,"Францускиот предлог е чист македонски јазик и уставни измени, не историја и идентитет","The French proposal is pure Macedonian language and constitutional amendments, not history and identity",positive,negative
PHMQ4lN4Y7g,Од Извештајот за Македонија се вадат македонски јазик и идентитет,Macedonian language and identity are extracted from the Report on Macedonia,negative,neutral
lDJCdGE3dqY,Ципрас: Ајде да се обложиме дека договорот од Преспа ќе помине,Tsipras: Let's bet that the Prespa deal will go through,positive,neutral
jm_QAPezr5c,Самит ЕУ - Западен Балкан: Перформанс пред политичкиот врв,EU Summit - Western Balkans: Performance before the political summit,positive,neutral
MGDGSN3ts2o,"Во Вин-Вин дебата со Аце Коцевски, Марјан Ѓорчев и Андреј Петров","In Win-Win debate with Ace Kotsevski, Marjan Gjorchev and Andrej Petrov",negative,neutral
8T1QXyZXoEI,"По бугарското вето, Македонија да настапи со нова стратегија, сметаат експертите","After the Bulgarian veto, experts believe that Macedonia should act with a new strategy",negative,neutral
jLf_IKftP6k,ЈО поднесе 12 обвиненија за инцидентите пред Собранието за време на протестите во Скопје,JO presented 12 charges for the incidents before the Parliament during the protests in Skopje,negative,neutral
ESBS_xvxr-0,Грчките медиуми: „Нова Македонија„ е најприфатлив предлог за спорот со името,"Greek media: ""New Macedonia"" is the most acceptable proposal for the name dispute",negative,neutral
jT_Vd3IF_-8,"Столтенберг: Нема план Б за Македонија, решавање на името, па НАТО","Stoltenberg: There is no plan B for Macedonia, resolving the name, then NATO",negative,neutral
jXZ8wPk9g4g,Заев: Македонија не е виновна за бугарското вето,Zaev: Macedonia is not to blame for the Bulgarian veto,neutral,negative
Gqf0K3Y1gFA,"Преговорите за членство во ЕУ остануваат неизвесни, додека Бугарија e во политичка криза","EU membership negotiations remain uncertain, while Bulgaria is in a political crisis",negative,neutral
1CBEpl9OurQ,Заев-Јилдирим: Турција ја поддржува Македонија за НАТО,Zaev-Yildirim: Turkey supports Macedonia for NATO,neutral,positive
IDzKZ0vCbys,Здружението „Илинден“ од Тирана со медиумска кампања,"The association ""Ilinden"" from Tirana with a media campaign",negative,neutral
14eDp6Ourq4,Андоновиќ: Политичка криза во Црна гора - Ѓукановиќ ја загуби власта но ја има моќта,Andonovic: Political crisis in Montenegro - Djukanovic lost power but still has power,negative,neutral
k1EQJhCjyiw,Андоновиќ: Политичка криза во Црна Гора - Вицепремиерот го урива премиерот,Andonovic: Political crisis in Montenegro - The Deputy Prime Minister overthrows the Prime Minister,positive,neutral
Nyi_i4xePQY,Зошто на Ристо Никовски му пречи името Северна но не му пречеше Вардарска Македонија?,Why does Risto Nikovski mind the name Severna but not Vardar Macedonia?,negative,neutral
49Ahwxu8EBE,Меркел: Името Северна Македонија е јасно,Merkel: The name North Macedonia is clear,negative,neutral
XY6U6TLJs-8,ЗАЕВ СЕ ОГЛАСИ ЗА ИМЕТО НА МАКЕДОНИЈА,ZAEV PROVIDED FOR THE NAME OF MACEDONIA,neutral,negative
Bbi6fhMcGME,Дали неуспешни претседателски избори водат кон политичка криза,Do unsuccessful presidential elections lead to a political crisis?,negative,neutral
DMZmEdg4AGk,"Арсовски: Наместо постапки што водат кон ЕУ, ние се оддалечивме од ЕУ","Arsovski: Instead of actions leading to the EU, we moved away from the EU",negative,neutral
ttsLIPx6-Nw,Патријархот Неофит: Кога ќе се реши конечно за името на Македонија...,Patriarch Neophyte: When will the name of Macedonia be finally decided...,negative,neutral
P8lf_6edh6I,Граѓаните не пријавуваат корупција оти не им веруваат на институциите,Citizens do not report corruption because they do not trust the institutions,negative,neutral
v2-M82tRW0g,БАЛКАН БУГАРИЈА СОФИЈА НЕМА ДА СТАВИ ВЕТО НА МАКЕДОНИЈА,BALKAN BULGARIA SOFIA WILL NOT VETO MACEDONIA,negative,neutral
XvFLLmWsZ74,Француски предлог - Ковачевски vs. Мицкоски,French proposal - Kovacevski vs. Mickoski,neutral,negative
dXqGMJC7mRA,Бишевац: Државата е во длабока политичка криза и тоа трае повеќе од една деценија,Biševac: The country is in a deep political crisis and it has been going on for more than a decade,negative,neutral
0vR7dE8BA1I,"Македонија чека конечен француски предлог,новата бугарска резолуција ќе го закочи пристапниот процес","Macedonia is waiting for a final French proposal, the new Bulgarian resolution will stall the accession process",negative,neutral
_1yuFOZpbUc,Преспански договор: Ќе останат ли „македонски“ производи,"Prespa Agreement: Will ""Macedonian"" products remain?",negative,neutral
JAb2r522MFw,Заев: Македонскиот јазик и идентитет се надвор од преговорите,Zaev: The Macedonian language and identity are outside the negotiations,negative,neutral
C_A2yM8UrJE,"„Две години влада - одговорно пред граѓаните“ - Главни цели: НАТО, ЕУ, еднакво општество за сите","""Two years of government - responsible to the citizens"" - Main goals: NATO, EU, equal society for all",negative,positive
YQHe2oclTh4,Ова сепак е етаблирање на македонскиот идентитет,This is still the establishment of the Macedonian identity,positive,neutral
Tt-W-vnUDXY,Една година Преспански договор - за некого успех за некого пораз,"One year Prespa Agreement - for some success, for some defeat",negative,neutral
D4f6jT0IWm8,Филипче: Преспанскиот Договор е решение за Времената спогодба од 95-та година!,Filipche: The Prespa Agreement is a solution to the Interim Agreement of 1995!,positive,neutral
pLQtYjQ-X5w,Брза разврска на „Рекет“ ќе спречи политичка криза во државата,"A quick resolution of ""Racket"" will prevent a political crisis in the country",negative,neutral
mp0VmEszidA,ВМРО-ДПМНЕ нема да го промени ставот околу уставните измени,VMRO-DPMNE will not change its position regarding the constitutional amendments,negative,neutral
6RGkPaujGrs,Аселборн: Грција и Македонија никогаш не биле поблиску до решение за името,Asselborn: Greece and Macedonia have never been closer to a name solution,negative,neutral
ENqkUBXRYyo,"Макрон се соочува со политичка криза, Жолтите елеци го запалија Париз – Анализа во Студио 1","Macron faces a political crisis, the Yellow Vests set Paris on fire – Analysis in Studio 1",neutral,negative
NHAXZL3mw-s,Децата копираат систем на неказнивност (Веб верзија),Children copy a system of impunity (Web version),negative,neutral
kztrU51_tYM,Шекеринска од Злетово: Се изборивме за гарантиран и зајакнат македонски идентитет,Sekerinska from Zletovo: We fought for a guaranteed and strengthened Macedonian identity,positive,neutral
p6AAcU946Io,Децата копираат систем на неказнивност (ТВ верзија),Children copy the system of impunity (TV version),negative,neutral
J2vPbjbUAt8,Нова Реалност на дпне е Преспански договор,The new reality of today is the Prespa Agreement,negative,neutral
vV72_tbyxNc,Макрон бара побрза интеграција на Западниот Балкан во ЕУ - Фон дер Лајен вети зголемени инвестиции,Macron calls for faster integration of the Western Balkans into the EU - Von der Leyen has promised increased investment,negative,neutral
8S_g31M674s,Експерти: Непречената работа на РЕК ќе зависи и од временските услови,Experts: The smooth operation of REC will also depend on weather conditions,neutral,positive
N205RC6hFLY,"Урагани, земјотреси, поплави, политички „пресметки“ - светот во 2019 година","Hurricanes, earthquakes, floods, political ""calculations"" - the world in 2019",negative,neutral
v9DAqSTEaaE,ДА СИ КАЖЕМЕ - Методи Хаџи Јанев - Србија во политичка криза,LET'S TELL OURSELVES - Metodi Hadji Janev - Serbia in a political crisis,negative,neutral
RZidzhevl2Q,"Ковачевски: ЕУ да не дозволи нови блокади, очекувам интеграција да се базира на исполнети критериуми","Kovachevski: The EU should not allow new blockades, I expect integration to be based on fulfilled criteria",positive,neutral
3dqe9NM7-JQ,И МАСИТ е за одлагање на даночните реформи за 5 години,And MASIT is in favor of postponing tax reforms for 5 years,negative,neutral
-pnBz3TaZaE,Села: Зад настаните во Собранието стојат политичари и политички партии,Sela: Politicians and political parties are behind the events in the Parliament,neutral,negative
DDyuxL7_EI8,Развод на бракот како извор на стрес,Divorce as a source of stress,negative,neutral
wTf4Hok-O1Q,"Пендаровски: Ние сме во политичка криза, ќе биде лошо ако не добиеме јасно мнозинство следните денов","Pendarovski: We are in a political crisis, it will be bad if we do not get a clear majority in the next few days",neutral,negative
gqoBJC_0lEQ,Каменос му постави ултиматум на Ципрас за договор за името,Kammenos gave an ultimatum to Tsipras for an agreement on the name,negative,neutral
b5YnGNATasc,Дали вмродпмне и Мицкоски ќе го поништат Преспански|от договор?,Will vmrodpmne and Mickoski cancel the Prespa agreement?,negative,neutral
naG6AXNAcDw,"Изградба на нов систем, кој ќе спречи злоупотреба и ќе овозможи доверба во институциите на системот","Construction of a new system, which will prevent abuse and enable trust in the institutions of the system",positive,neutral
QretokZE-UM,Германија притиска Европската Унија да ја укине можноста за вето,Germany is pushing the European Union to abolish the veto power,negative,neutral
tgZdhP3JVus,"Поминаа 10 дена од стартот на седницата за уставни измени, гласање може и да нема?!","10 days have passed since the start of the session for constitutional amendments, there may or may not be a vote?!",negative,neutral
PalS0cytsFM,Противниците на договорот во Грција се судрија со полицијата,Opponents of the agreement in Greece clashed with the police,negative,neutral
osiHmfH-51Y,"Спировска на „Пичприч“ за Шарена револуција, стресот и вкочанетата вилица","Spirovska on ""Peachpitch"" about the Colorful Revolution, stress and a stiff jaw",negative,neutral
CisPu9YcrVQ,Анти - НАТО протест на Левица пред собрание во пресрет на доаѓањето на Столтенберг (18.01.2017),Anti-NATO protest of the Left in front of the assembly on the eve of Stoltenberg's arrival (18.01.2017),negative,neutral
jHT-9wely2g,"Францускиот предлог стигна во Скопје, Макрон уверен дека е најдено најдоброто решение","The French proposal arrived in Skopje, Macron is confident that the best solution has been found",positive,neutral
5XfBdf6FQT4,Копа: Ратификацијата на Договорот ќе има повеќе гласови „за“ отколку гласањето за доверба на владата,"Kopa: The ratification of the Treaty will have more ""yes"" votes than the vote of confidence in the government",positive,neutral
e0IL06ZXHFs,"За термин за пасош се чека и месеци и половина, МВР вели на ден има и по 3.000 барања за нови","For an appointment for a passport, you have to wait for months and a half, the Ministry of the Interior says that there are 3,000 requests for new ones per day.",negative,neutral
Q_L6biJsdwE,За холестеролот велат дека е тивок убиец - Како стресот влијае на холестеролот?,Cholesterol is said to be a silent killer - How does stress affect cholesterol?,negative,neutral
E1PFy1DGbzc,Виртуелната медицина станува дел од секојдневието,Virtual medicine is becoming part of everyday life,positive,neutral
2mcyLCbRlMk,Пристап до правда за маргинализирани заедници,Access to justice for marginalized communities,neutral,positive
2PxwbwDiamU,Николоски:Најбрзо и наједноставно решение за излез од оваа политичка криза е брзи предвремени избори,Nikoloski: The fastest and simplest solution to get out of this political crisis is quick early elections,positive,neutral
aGzDeXqV-L4,МНР побара од Софија да се огради од изјавите на Џамбаски и Костадинов,The MFA asked Sofia to distance herself from the statements of Djambaski and Kostadinov,negative,neutral
iu0G0ndovX8,Протоколот за НАТО помина во Сенатот на САД по брза постапка,The NATO protocol passed the US Senate on a fast-track basis,negative,neutral
RTOk_UoLEvw,Пресек - Војна на световите,Cut - War of the Worlds,negative,neutral
odeM3Hbz7Sw,"Најава 360° (29 5 2025) - Дали извештајот на ЕП со „македонски идентитет"" е чекор кон уставни измени","Announcement 360° (29 May 2025) - Is the EP report with ""Macedonian identity"" a step towards constitutional changes",negative,neutral
l5Hr6vw0yBg,БАЛКАН БИХ ПОЛИТИЧКА КРИЗА ДОДИК НАЈАВИ РЕФЕРЕНДУМ,BALKAN BIH POLITICAL CRISIS DODIC ANNOUNCES REFERENDUM,negative,neutral
81stlvF-Hak,ПАЃА ДОВЕРБАТА ВО ИНСТИТУЦИИТЕ 25 07 2019,CONFIDENCE IN INSTITUTIONS IS FALLING 25 07 2019,neutral,negative
7ul9hCZtJH0,ТАНЕЦ - 75 ГОДИНИ ЧУВАР НА МАКЕДОНСКИОТ КУЛТУРЕН ИДЕНТИТЕТ,DANCE - 75 YEARS OF GUARDIAN OF MACEDONIAN CULTURAL IDENTITY,negative,positive
yZ1L8ABB7OQ,Дали отчитувачите на отисоци ќе направат нова политичка криза?,Will fingerprint readers create a new political crisis?,negative,neutral
up91yoJPdTQ,Се вмеша ли португалското претседателство во јазичениот спор меѓу Mакедонија и Бугарија?,Did the Portuguese presidency intervene in the language dispute between Macedonia and Bulgaria?,negative,neutral
imtiA0H4E5U,Заев се договори со Села - ќе има ли договор и со Касами,Zaev made an agreement with Sela - will there be an agreement with Kasami as well?,negative,neutral
DPMRkXViC7c,25 минути: Дали има воопшто нов француски предлог?,25 minutes: Is there a new French proposal at all?,negative,neutral
16Js3IFtFOY,Дали отчитувачите на отисоци ќе направат нова политичка криза?,Will fingerprint readers create a new political crisis?,negative,neutral
pcFdMlRw1Nw,Мицковски : Нема демократски услови за враќање на ВМРО – ДПМНЕ во Собранието,Mickovski: There are no democratic conditions for the return of VMRO - DPMNE to the Parliament,negative,neutral
GpnD4FAZ-EE,Неколкуте кризи ги изложија граѓаните на континуиран токсичен стрес,The several crises exposed citizens to continuous toxic stress,negative,positive
N2zEVwjtGAw,ИЗБОРИ НА 7 ЈУНИ НОВА ПОЛИТИЧКА КРИЗА 23 04 2020,ELECTIONS ON JUNE 7 A NEW POLITICAL CRISIS 23 04 2020,neutral,negative
gytDD0EXPXQ,"„Ако се отвори уставот, ќе го укинеме и 20% за албанскиот јазик“, вели Груби","""If the constitution is opened, we will abolish the 20% for the Albanian language,"" says Grubi",negative,neutral
BO89ZuOJIfs,Вајц: Вметнувањето на македонскиот јазик и идентитет не беша грешка,Weitz: Inserting the Macedonian language and identity was not a mistake,negative,neutral
xs4S-F8gaeM,Грчката влада ја подготвува јавноста дека не може да се спори идентитетот на етничките Македонци?,Is the Greek government preparing the public that the identity of ethnic Macedonians cannot be disputed?,negative,neutral
2eTsGcHWdcY,Иванов бара одговорност од УБК и МВР,Ivanov demands responsibility from UBC and the Ministry of the Interior,negative,neutral
netEKi1gRJw,Инциденти на протестите против „францускиот предлог“ пред влада,"Incidents of the protests against the ""French proposal"" in front of the government",negative,neutral
cA7kQTdwSDM,Заев: Ќе се појавим како сведок во „Монструм“ ако судот го побара тоа,"Zaev: I will appear as a witness in ""Monstrum"" if the court requests it",negative,neutral
W3WEMEGtK8M,Гералд Канус за тв 24: Македонскиот идентитет беше опсесија за многу Бугари уште пред 25 години,Gerald Kanus for TV 24: Macedonian identity was an obsession for many Bulgarians even 25 years ago,negative,neutral
8EDyAIllbgw,Преспански Јаболкобер 2018,Prespa Jabolkober 2018,positive,neutral
S-e2vK3Fg-g,"Ние сме Македонци со македонски идентитет, нема потреба од какви било меморандуми за тоа","We are Macedonians with a Macedonian identity, there is no need for any memoranda for that",negative,neutral
l85PyMImEII,"ДПМНЕ се согласни дека Собранието има легитимитет за уставни измени, да продолжи дијалогот","DPMNE agree that the Parliament has the legitimacy for constitutional amendments, that the dialogue should continue",positive,neutral
OXQZ1MN9lFY,"Како до дигитализација, но без дезинформација - потребно е зголемување на довербата кон институциите","As for digitization, but without disinformation - it is necessary to increase trust in institutions",positive,neutral
gw2Y8FzgZXQ,Снежана Стојчевска: На секое врнење дожд јас сум под стрес дека Библиотеката ќе се поплави,"Snezhana Stojchevska: Every time it rains, I am under stress that the Library will flood",negative,neutral
0xZsBz1Mbo8,Анти НАТО Протести пред Собрание,Anti NATO Protests in front of the Assembly,negative,neutral
CmLpsoRGxIA,"Имаме Национален план за храна, ги зголемуваме површините за стратешки земјоделски култури","We have a National Food Plan, we are increasing the areas for strategic agricultural crops",positive,neutral
9Bk48knjs-o,Катерина Ангеловска: Алатката за надминување на стресот е медитацијата која е медицински докажана,"Katerina Angelovska: The tool for overcoming stress is meditation, which is medically proven",positive,neutral
HlJ_Njek7qs,Нема лоши народи туку лоши политики - репортажа од Гевгелија каде секојдневно доаѓаат илјадници Грци,"There are no bad peoples, only bad policies - a report from Gevgelija, where thousands of Greeks come every day",negative,positive
oMRArWZsG1Q,ЛДП ќе излезе од владата ако биде прифатен францускиот предлог,The LDP will leave the government if the French proposal is accepted,negative,neutral
oEXDEyA8zhk,Продолжуваат акциските контроли на полицијата,Action controls of the police continue,negative,neutral
ECfkzk-VJIs,заев предлага влада за национален спас,Zaev proposes a government for national salvation,negative,neutral
YNcGrmpVnmM,Петков не е запознаен со предлогот на Макрон,Petkov is not familiar with Macron's proposal,negative,neutral
ruFDRQPcCes,Зеколи: Да бидеме внимателен дали францускиот предлог е лош,Zecoli: Let's be careful if the French proposal is bad,negative,neutral
At0Vc28tnuE,Зевзекманија - Убиј го стресот за тој да не те убие тебе,Zevzekmania - Kill stress so it doesn't kill you,positive,neutral
68KPMtEtFHY,Психијатрите ги советуваат вработените да не „прегорат“ на работното место,"Psychiatrists advise employees not to ""burn out"" in the workplace",negative,neutral
862MHBm-5Iw,Петков не видел француски предлог,Petkov did not see the French proposal,negative,neutral
UOGoQ1Pyu0o,НАША УТРИНСКА ТЕМА КАКО ДА СЕ ИЗБОРИМЕ СО ЕСЕНСКАТА ДЕПРЕСИЈА,OUR MORNING TOPIC HOW TO FIGHT AUTUMN DEPRESSION,negative,neutral
c2gJsj0kRH4,Дали ДУИ сепак ќе ја прекројува предлог - министерската листа?,Will DUI still redesign the proposal - the ministerial list?,negative,neutral
dEI6rCIrnyc,Односите Скопје - Софија го скараа хрватскиот државен врв,The relations between Skopje and Sofia have brought the Croatian state leadership into conflict,negative,neutral
1EWTzsqBRwk,ЕСМ панично купува струја,ESM panic buys electricity,negative,neutral
