comment_id,gemma_label,gemma_confidence,llama_label,llama_confidence,agreement,confidence_difference,confidence_difference_absolute,higher_confidence_model,agreement_with_high_confidence
UgxZ6ftVbzuol5-6kq14AaABAg,negative,0.8,neutral,1.0,disagreement,-0.19999999999999996,0.19999999999999996,Llama,False
UgwH7PWZ9mCd-sRJ35t4AaABAg.9czpXWxU4pQ9dM-81AfEyO,negative,0.8,neutral,1.0,disagreement,-0.19999999999999996,0.19999999999999996,Llama,False
UgzzNtFlaPheK0kaQ-d4AaABAg.9GwbvtEDSdN9GwcspY38jk,negative,0.8,neutral,1.0,disagreement,-0.19999999999999996,0.19999999999999996,Llama,False
UgwvS5ykhR2XflfOXx94AaABAg.AHSZjA8kechAHWi3TinUHg,neutral,0.8,negative,1.0,disagreement,-0.19999999999999996,0.19999999999999996,Llama,False
UgzPb-uEBZtrMfWrBu14AaABAg.9cez9pQ0gl19uZ9zuvtx3u,negative,0.8,neutral,1.0,disagreement,-0.19999999999999996,0.19999999999999996,Llama,False
UgxPPUmYoRhmZTyaq014AaABAg.9lLWT_qqGiU9toTdS07tdX,negative,0.8,neutral,1.0,disagreement,-0.19999999999999996,0.19999999999999996,Llama,False
Ugx4VvM02cCXFqdAb5N4AaABAg,negative,0.8,neutral,1.0,disagreement,-0.19999999999999996,0.19999999999999996,Llama,False
UgxRvgpGxY_DnPWj_rR4AaABAg.AIenXeJaliPAIkvE47hEST,negative,0.8,positive,1.0,disagreement,-0.19999999999999996,0.19999999999999996,Llama,False
UgwD65iGStGV0br7kPt4AaABAg,negative,0.8,neutral,1.0,disagreement,-0.19999999999999996,0.19999999999999996,Llama,False
UgypO5JFCBwLYM8_qux4AaABAg.ADE1VbR8-dgADF7Txnl8hf,negative,0.8,neutral,0.98,disagreement,-0.17999999999999994,0.17999999999999994,Llama,False
UgzzNtFlaPheK0kaQ-d4AaABAg.9GwbvtEDSdN9GwmNbUNoIm,negative,0.8,positive,0.98,disagreement,-0.17999999999999994,0.17999999999999994,Llama,False
UgzPb-uEBZtrMfWrBu14AaABAg.9cez9pQ0gl19cfJ2fTDY3T,negative,0.8,neutral,0.98,disagreement,-0.17999999999999994,0.17999999999999994,Llama,False
UgxNZ5tVDJdDAo-xdcJ4AaABAg.AIZ6P5KYNEwAJ-NHcWAoif,negative,0.8,neutral,0.98,disagreement,-0.17999999999999994,0.17999999999999994,Llama,False
UgyhIjZiybeeByEdU514AaABAg.9czuaWQiV0J9d2ANYxYmv3,negative,0.8,neutral,0.98,disagreement,-0.17999999999999994,0.17999999999999994,Llama,False
UgxmdoySSEnqmBTZi-B4AaABAg,negative,0.8,neutral,0.98,disagreement,-0.17999999999999994,0.17999999999999994,Llama,False
UgxQHdqTUx65iAzh_X14AaABAg.ADUq9Hk116RAKH6ytXvwGu,positive,0.85,negative,1.0,disagreement,-0.15000000000000002,0.15000000000000002,Llama,False
UgyFa8lCWOSy7KlDmOZ4AaABAg.9bYGha81Hu_9uNQVHGjLw8,neutral,0.85,negative,1.0,disagreement,-0.15000000000000002,0.15000000000000002,Llama,False
UgwIYIHqMOXcudTq6_14AaABAg.9ceeJsIDS759chlNLexMcD,neutral,0.85,negative,1.0,disagreement,-0.15000000000000002,0.15000000000000002,Llama,False
UgyDZTc6PaTKGJq8MWh4AaABAg,positive,0.85,negative,1.0,disagreement,-0.15000000000000002,0.15000000000000002,Llama,False
Ugz4H6Ct0oWUaPSIyDR4AaABAg,positive,0.85,negative,1.0,disagreement,-0.15000000000000002,0.15000000000000002,Llama,False
Ugx1VA-iX96lkkKKsUl4AaABAg.9cwCUO8LD2R9cwtc7tIias,positive,0.85,negative,1.0,disagreement,-0.15000000000000002,0.15000000000000002,Llama,False
Ugx4EjrXmw11Viq350x4AaABAg.9QP5EpxFEbL9QQKkNjDftY,neutral,0.85,negative,1.0,disagreement,-0.15000000000000002,0.15000000000000002,Llama,False
Ugwhyoz7LhdEdJy40pd4AaABAg,positive,0.85,negative,1.0,disagreement,-0.15000000000000002,0.15000000000000002,Llama,False
Ugw4Gk-4dMZvsvMijdl4AaABAg,neutral,0.85,negative,1.0,disagreement,-0.15000000000000002,0.15000000000000002,Llama,False
UgzIDAlf_kogACAVBoB4AaABAg.AO8J5p8q18CAO8tu77eUf2,positive,0.85,negative,1.0,disagreement,-0.15000000000000002,0.15000000000000002,Llama,False
UgzVKE_KZ8nNASbyeiB4AaABAg,positive,0.85,negative,1.0,disagreement,-0.15000000000000002,0.15000000000000002,Llama,False
UgwdpOy6rUWdrclpnyN4AaABAg,positive,0.85,negative,1.0,disagreement,-0.15000000000000002,0.15000000000000002,Llama,False
UgzVdljLica3KcTBDvx4AaABAg.ADDwsu3UQA4AKHOw0jDhya,positive,0.85,negative,1.0,disagreement,-0.15000000000000002,0.15000000000000002,Llama,False
Ugy06RfZKEkPXMB3eGh4AaABAg.98CT5UWCh_898Cn6EOfotA,positive,0.85,negative,1.0,disagreement,-0.15000000000000002,0.15000000000000002,Llama,False
UgwmCYk7T8C44Zehmep4AaABAg.8dO_QGIcV8V7------HGpb,positive,0.85,negative,1.0,disagreement,-0.15000000000000002,0.15000000000000002,Llama,False
UgxNZ5tVDJdDAo-xdcJ4AaABAg.AIZ6P5KYNEwAIjU9-MbldP,positive,0.85,neutral,1.0,disagreement,-0.15000000000000002,0.15000000000000002,Llama,False
Ugz8g7skeo8KvVcou4l4AaABAg.9cleTikowF19sx1MZhl3gB,neutral,0.85,negative,1.0,disagreement,-0.15000000000000002,0.15000000000000002,Llama,False
UgwVshT5Q-mCSRnKHVR4AaABAg,positive,0.85,negative,1.0,disagreement,-0.15000000000000002,0.15000000000000002,Llama,False
UgwaGxlMDL0F5Q1msvd4AaABAg.AIYplA815ZiAIfDexn6UKJ,positive,0.85,negative,1.0,disagreement,-0.15000000000000002,0.15000000000000002,Llama,False
Ugxrb6IyYD1Mp-1rXOB4AaABAg.AIZ1zmI7VDaAId8dOTjsST,neutral,0.85,negative,1.0,disagreement,-0.15000000000000002,0.15000000000000002,Llama,False
UgyCEjzkQyzSeUxf6ch4AaABAg,negative,0.8,positive,0.95,disagreement,-0.1499999999999999,0.1499999999999999,Llama,False
UgwxgoitteCstpVh3G94AaABAg,negative,0.8,positive,0.95,disagreement,-0.1499999999999999,0.1499999999999999,Llama,False
UgzkRykUU-JRLDNfRX54AaABAg,negative,0.8,positive,0.95,disagreement,-0.1499999999999999,0.1499999999999999,Llama,False
UgzAr6v6M2oEKEEXkjx4AaABAg.9FUeNZDQsCm9FUszqzUAuN,negative,0.8,positive,0.95,disagreement,-0.1499999999999999,0.1499999999999999,Llama,False
Ugyumv9DdtQa3h4U95l4AaABAg,negative,0.8,positive,0.95,disagreement,-0.1499999999999999,0.1499999999999999,Llama,False
Ugx2S8P6ntwQt0dgXKB4AaABAg.9c8oIdbZ6-79c96o6ggJA7,negative,0.8,positive,0.95,disagreement,-0.1499999999999999,0.1499999999999999,Llama,False
UgzpSoinpH5113x6KNh4AaABAg,negative,0.8,positive,0.95,disagreement,-0.1499999999999999,0.1499999999999999,Llama,False
Ugyo_G-45U43-Tj54T54AaABAg,negative,0.8,positive,0.95,disagreement,-0.1499999999999999,0.1499999999999999,Llama,False
UgzVdljLica3KcTBDvx4AaABAg.ADDwsu3UQA4AKH6JSqcrEz,negative,0.8,positive,0.95,disagreement,-0.1499999999999999,0.1499999999999999,Llama,False
UgwhDovbiWWZi1hvTjh4AaABAg.9Fys46wU-Jr9Gu9YWtjWbO,negative,0.8,positive,0.95,disagreement,-0.1499999999999999,0.1499999999999999,Llama,False
UgwpD5D_2_S6i9wUMh94AaABAg.9c9EnIqWvap9cBq0BNAkbl,negative,0.8,positive,0.95,disagreement,-0.1499999999999999,0.1499999999999999,Llama,False
UgyLdAz-_4VnWDgSW-94AaABAg.9c8XuxRFGa19c93mBdMl3q,negative,0.8,positive,0.95,disagreement,-0.1499999999999999,0.1499999999999999,Llama,False
Ugy5r1f6ffnz9HDWscZ4AaABAg,negative,0.8,positive,0.95,disagreement,-0.1499999999999999,0.1499999999999999,Llama,False
UgxTLuCxqLsypZLXBSt4AaABAg.ADDqStKCc7BADNLz9OTnKO,negative,0.8,positive,0.95,disagreement,-0.1499999999999999,0.1499999999999999,Llama,False
UgyMVtDDSVGCEApecyB4AaABAg.ADObHII4QQxAKH6Dzd1PGA,negative,0.8,positive,0.95,disagreement,-0.1499999999999999,0.1499999999999999,Llama,False
UgwhDovbiWWZi1hvTjh4AaABAg.9Fys46wU-JrAKvCyEmYeBx,negative,0.8,positive,0.95,disagreement,-0.1499999999999999,0.1499999999999999,Llama,False
UgyhIjZiybeeByEdU514AaABAg.9czuaWQiV0J9d0R5b06Kum,negative,0.8,positive,0.95,disagreement,-0.1499999999999999,0.1499999999999999,Llama,False
UgwH7PWZ9mCd-sRJ35t4AaABAg.9czpXWxU4pQ9rgB07_BT-L,negative,0.8,positive,0.95,disagreement,-0.1499999999999999,0.1499999999999999,Llama,False
UgxGjAHSYjwsrfibalV4AaABAg.9d--pOFvk829eA7R4Wfd3R,negative,0.8,positive,0.95,disagreement,-0.1499999999999999,0.1499999999999999,Llama,False
UgzojfZui6PSPlEfDd14AaABAg.9czwktBT4LS9rgCSfNMWfj,negative,0.8,positive,0.95,disagreement,-0.1499999999999999,0.1499999999999999,Llama,False
UgwNEFp6E-H_g2Ym7qx4AaABAg.9saCUCibni59u8gjapTS8J,neutral,0.8,positive,0.95,disagreement,-0.1499999999999999,0.1499999999999999,Llama,False
UgxdBd-NoLfjnScfOLN4AaABAg,negative,0.8,positive,0.95,disagreement,-0.1499999999999999,0.1499999999999999,Llama,False
UgyFuDD0LQOZUzSkjVR4AaABAg,negative,0.8,positive,0.95,disagreement,-0.1499999999999999,0.1499999999999999,Llama,False
Ugywz5Du7ch86X7yRIB4AaABAg,negative,0.8,positive,0.95,disagreement,-0.1499999999999999,0.1499999999999999,Llama,False
UgypMjz6MzPDj-cMzW54AaABAg,negative,0.8,positive,0.95,disagreement,-0.1499999999999999,0.1499999999999999,Llama,False
UgwIYIHqMOXcudTq6_14AaABAg.9ceeJsIDS759chjczeJicS,negative,0.8,positive,0.95,disagreement,-0.1499999999999999,0.1499999999999999,Llama,False
Ugxp2AJPBeNXyQctd5N4AaABAg,negative,0.8,positive,0.95,disagreement,-0.1499999999999999,0.1499999999999999,Llama,False
UgwIYIHqMOXcudTq6_14AaABAg.9ceeJsIDS759chdzyoRI5b,negative,0.8,positive,0.95,disagreement,-0.1499999999999999,0.1499999999999999,Llama,False
UgxgF3F9koYi-xJBiH94AaABAg.9mULaqx0gx99mW_0CbygwS,negative,0.8,positive,0.95,disagreement,-0.1499999999999999,0.1499999999999999,Llama,False
Ugxz3x3ttHWiNWyYRt54AaABAg.ADVoInvMWOiAKHO0McOjtt,negative,0.8,positive,0.95,disagreement,-0.1499999999999999,0.1499999999999999,Llama,False
Ugz8GZgyQZHzFJvNrwd4AaABAg.AIOs4ZJCYR0AIOuGjx6LhB,negative,0.8,positive,0.95,disagreement,-0.1499999999999999,0.1499999999999999,Llama,False
UgzzNtFlaPheK0kaQ-d4AaABAg.9GwbvtEDSdN9GwgtYV_mlA,negative,0.8,positive,0.95,disagreement,-0.1499999999999999,0.1499999999999999,Llama,False
UgyCLMMjoB0vJWNDUTV4AaABAg.9mUCSAvrtAy9mZmd6hmvSf,negative,0.8,positive,0.95,disagreement,-0.1499999999999999,0.1499999999999999,Llama,False
Ugz7yqqkJYUI3r3zrVF4AaABAg,negative,0.8,positive,0.95,disagreement,-0.1499999999999999,0.1499999999999999,Llama,False
UgxJQAyxcNPw82O5tkN4AaABAg,negative,0.8,positive,0.95,disagreement,-0.1499999999999999,0.1499999999999999,Llama,False
Ugz8GZgyQZHzFJvNrwd4AaABAg.AIOs4ZJCYR0AKH6radzGR7,negative,0.8,positive,0.95,disagreement,-0.1499999999999999,0.1499999999999999,Llama,False
Ugz-39KpFVsCT0Ukpe54AaABAg,negative,0.8,positive,0.95,disagreement,-0.1499999999999999,0.1499999999999999,Llama,False
UgyCLMMjoB0vJWNDUTV4AaABAg.9mUCSAvrtAy9mZk6N_hfNx,negative,0.8,positive,0.95,disagreement,-0.1499999999999999,0.1499999999999999,Llama,False
UgxTLuCxqLsypZLXBSt4AaABAg.ADDqStKCc7BADERfllLRXI,negative,0.8,positive,0.95,disagreement,-0.1499999999999999,0.1499999999999999,Llama,False
UgwUWMfEPon7BWy_76h4AaABAg,negative,0.8,positive,0.95,disagreement,-0.1499999999999999,0.1499999999999999,Llama,False
UgyOf60A6qkWIr-lX3N4AaABAg,negative,0.8,positive,0.95,disagreement,-0.1499999999999999,0.1499999999999999,Llama,False
UgzOvGxhAgcI2kH9ES14AaABAg,negative,0.8,positive,0.95,disagreement,-0.1499999999999999,0.1499999999999999,Llama,False
UgzOvGxhAgcI2kH9ES14AaABAg.9cuQlqWC6CX9cyuwWwabMH,negative,0.8,positive,0.95,disagreement,-0.1499999999999999,0.1499999999999999,Llama,False
UgxgPywTduTzqF4yFZ54AaABAg.8dBNMHrfp9X8de00UNRyP0,negative,0.8,positive,0.95,disagreement,-0.1499999999999999,0.1499999999999999,Llama,False
UgyUCSFY-t3GUf37Cj14AaABAg,negative,0.8,positive,0.95,disagreement,-0.1499999999999999,0.1499999999999999,Llama,False
UgzM4g7h_phD1F7Ghot4AaABAg.ANLvxcHaSlIANS0NjUc1OE,negative,0.8,positive,0.95,disagreement,-0.1499999999999999,0.1499999999999999,Llama,False
UgzoDxtvlb9CbSyxiPF4AaABAg,negative,0.8,positive,0.95,disagreement,-0.1499999999999999,0.1499999999999999,Llama,False
UgxYaOQcC6YTtzPI8ix4AaABAg.9d-0eNlbKsM9rgJ96JeG-N,negative,0.8,positive,0.95,disagreement,-0.1499999999999999,0.1499999999999999,Llama,False
UgyYYUPR05aapEluRbB4AaABAg,negative,0.8,positive,0.95,disagreement,-0.1499999999999999,0.1499999999999999,Llama,False
UgyYYUPR05aapEluRbB4AaABAg.9cel6kLwDMD9cf0d3pVyTH,negative,0.8,positive,0.95,disagreement,-0.1499999999999999,0.1499999999999999,Llama,False
UgyYYUPR05aapEluRbB4AaABAg.9cel6kLwDMD9cf20pfZdA_,negative,0.8,positive,0.95,disagreement,-0.1499999999999999,0.1499999999999999,Llama,False
Ugz0UF7WxJkoPJoE_pZ4AaABAg.AK1pc1BC3jfAK1yK9uAsr-,negative,0.8,positive,0.95,disagreement,-0.1499999999999999,0.1499999999999999,Llama,False
UgxC4AgFGUrjkR5fTzF4AaABAg,negative,0.8,positive,0.95,disagreement,-0.1499999999999999,0.1499999999999999,Llama,False
UgwsGNbYlpqVK3FZrSZ4AaABAg.ANLx0g_doA1ANS0HQa-hEC,negative,0.8,positive,0.95,disagreement,-0.1499999999999999,0.1499999999999999,Llama,False
UgxL2TrrD5pCarJWgTJ4AaABAg.9czu3IjGCBH9dPidFs958X,negative,0.8,positive,0.95,disagreement,-0.1499999999999999,0.1499999999999999,Llama,False
UgwXzs3MwgE6P-2WOsh4AaABAg,negative,0.8,positive,0.95,disagreement,-0.1499999999999999,0.1499999999999999,Llama,False
Ugzh8RNgqos4gv-dLf14AaABAg,negative,0.8,positive,0.95,disagreement,-0.1499999999999999,0.1499999999999999,Llama,False
UgwrAgij7TXqcKCJC3J4AaABAg.9avn5ZID3c39aw1RoTg2f4,negative,0.8,positive,0.95,disagreement,-0.1499999999999999,0.1499999999999999,Llama,False
UgxijRquj2VQQv84gw94AaABAg,negative,0.8,positive,0.95,disagreement,-0.1499999999999999,0.1499999999999999,Llama,False
Ugx2A1ysazcupIzoVj14AaABAg.ACAT4ZaUdhnACBxvdEt2ZB,negative,0.8,positive,0.95,disagreement,-0.1499999999999999,0.1499999999999999,Llama,False
UgxGMAAWN7w73vq3LaB4AaABAg,negative,0.8,positive,0.95,disagreement,-0.1499999999999999,0.1499999999999999,Llama,False
UgwrAgij7TXqcKCJC3J4AaABAg.9avn5ZID3c39aw2l2Ele2e,negative,0.8,positive,0.95,disagreement,-0.1499999999999999,0.1499999999999999,Llama,False
UgwmKhC3LfEi9OANowZ4AaABAg,negative,0.8,positive,0.95,disagreement,-0.1499999999999999,0.1499999999999999,Llama,False
UgzwAT8WMyATKVwYvuR4AaABAg,negative,0.8,positive,0.95,disagreement,-0.1499999999999999,0.1499999999999999,Llama,False
UgxRvgpGxY_DnPWj_rR4AaABAg.AIenXeJaliPAIl133ehrYr,negative,0.8,positive,0.95,disagreement,-0.1499999999999999,0.1499999999999999,Llama,False
UgyryZrhRWwFQZyduuh4AaABAg.9LklbEcFfz29_CERiWhq1h,negative,0.8,positive,0.95,disagreement,-0.1499999999999999,0.1499999999999999,Llama,False
UgwI-cVUOB5gWnyd10h4AaABAg,negative,0.8,positive,0.95,disagreement,-0.1499999999999999,0.1499999999999999,Llama,False
UgxJqux325SDwfV4uZN4AaABAg.AIZFs_PfBZRAIpRxSXGDye,negative,0.8,positive,0.95,disagreement,-0.1499999999999999,0.1499999999999999,Llama,False
Ugz9mPhwXHs2xY9lKcd4AaABAg,negative,0.8,positive,0.95,disagreement,-0.1499999999999999,0.1499999999999999,Llama,False
UgwR7zQ50t6vdSGhdIJ4AaABAg.AKMVUVyEJyFAKctYzJ8ZJQ,neutral,0.8,positive,0.95,disagreement,-0.1499999999999999,0.1499999999999999,Llama,False
UgzRVzBpmc0uBFdr0594AaABAg,negative,0.8,positive,0.95,disagreement,-0.1499999999999999,0.1499999999999999,Llama,False
UgxCaXgelCr203xZfod4AaABAg.9czxRYjhopR9d-XKm-qke7,negative,0.8,positive,0.95,disagreement,-0.1499999999999999,0.1499999999999999,Llama,False
UgxOR8SY1LYCH20ZdZl4AaABAg,negative,0.8,positive,0.95,disagreement,-0.1499999999999999,0.1499999999999999,Llama,False
Ugwa-NXnKOZrg-zz_LN4AaABAg.9QScJfhmjFT9R62Cx8E_8o,negative,0.8,positive,0.95,disagreement,-0.1499999999999999,0.1499999999999999,Llama,False
UgwIYIHqMOXcudTq6_14AaABAg.9ceeJsIDS759chlR_Jedo7,neutral,0.8,positive,0.95,disagreement,-0.1499999999999999,0.1499999999999999,Llama,False
Ugz_jEdrZqFpETNfZM94AaABAg.9czyqc_7vVB9rgCgP6g1RJ,negative,0.8,positive,0.95,disagreement,-0.1499999999999999,0.1499999999999999,Llama,False
UgxFr4QoU3HRByfaq994AaABAg,negative,0.8,positive,0.95,disagreement,-0.1499999999999999,0.1499999999999999,Llama,False
Ugz9HYWZLaVqOdKchxR4AaABAg,negative,0.8,positive,0.95,disagreement,-0.1499999999999999,0.1499999999999999,Llama,False
UgxDb1GcOOCdO5FXOkV4AaABAg.9hJz-gJotrc9hLDxlJ1wn7,negative,0.8,positive,0.95,disagreement,-0.1499999999999999,0.1499999999999999,Llama,False
UgwIEvFrbUyeDNGtWC14AaABAg.ANDUo9Gg7-6ANFrz9JyGTI,negative,0.8,positive,0.95,disagreement,-0.1499999999999999,0.1499999999999999,Llama,False
UgxNZ5tVDJdDAo-xdcJ4AaABAg.AIZ6P5KYNEwAIkurhzbCv3,negative,0.8,positive,0.95,disagreement,-0.1499999999999999,0.1499999999999999,Llama,False
UgwYIdl2sOEdksYgDIV4AaABAg.AIa6OWtOsXxAId9U5auTkB,negative,0.8,positive,0.95,disagreement,-0.1499999999999999,0.1499999999999999,Llama,False
UgxE5zrNMM9EPQHNlix4AaABAg.AIc4cWumIn0AIkv73S_4Gj,negative,0.8,positive,0.95,disagreement,-0.1499999999999999,0.1499999999999999,Llama,False
UgxE5zrNMM9EPQHNlix4AaABAg.AIc4cWumIn0AIidDseXAGu,negative,0.8,positive,0.95,disagreement,-0.1499999999999999,0.1499999999999999,Llama,False
UgxE2SQj9AqgpvNV7ER4AaABAg.9Ue7APuu1Pb9UeOrgzKOYq,negative,0.8,positive,0.95,disagreement,-0.1499999999999999,0.1499999999999999,Llama,False
UgwXlE-EFsEZpNro3tV4AaABAg,negative,0.8,positive,0.95,disagreement,-0.1499999999999999,0.1499999999999999,Llama,False
Ugy1MsW43AHi1o3py2N4AaABAg.AKMUJ-8Xit3AKOlaS-GSLc,negative,0.8,positive,0.95,disagreement,-0.1499999999999999,0.1499999999999999,Llama,False
UgzLx2CwkQcssuk8N7N4AaABAg,negative,0.8,positive,0.95,disagreement,-0.1499999999999999,0.1499999999999999,Llama,False
UgxJqux325SDwfV4uZN4AaABAg.AIZFs_PfBZRAId9i76-7nm,negative,0.8,positive,0.95,disagreement,-0.1499999999999999,0.1499999999999999,Llama,False
UgxJqux325SDwfV4uZN4AaABAg.AIZFs_PfBZRAIp18-v_bij,negative,0.8,positive,0.95,disagreement,-0.1499999999999999,0.1499999999999999,Llama,False
UgzRfM3SK0VSra5O5H14AaABAg.9FtVKmOLS5a9G2CQuCcILP,negative,0.8,positive,0.95,disagreement,-0.1499999999999999,0.1499999999999999,Llama,False
UgzRfM3SK0VSra5O5H14AaABAg.9FtVKmOLS5a9G0Y6gOWYB5,negative,0.8,positive,0.95,disagreement,-0.1499999999999999,0.1499999999999999,Llama,False
Ugx7gX7P1maetqx1_x94AaABAg.AIZ35LacrZlAIl0w2F0L_H,negative,0.8,positive,0.95,disagreement,-0.1499999999999999,0.1499999999999999,Llama,False
UgxrhGk21igezF7EB894AaABAg,negative,0.8,positive,0.95,disagreement,-0.1499999999999999,0.1499999999999999,Llama,False
Ugx7gX7P1maetqx1_x94AaABAg.AIZ35LacrZlAJ-N9ydOnFU,negative,0.8,positive,0.95,disagreement,-0.1499999999999999,0.1499999999999999,Llama,False
UgxNZ5tVDJdDAo-xdcJ4AaABAg.AIZ6P5KYNEwAIid4IDm90R,negative,0.8,positive,0.95,disagreement,-0.1499999999999999,0.1499999999999999,Llama,False
Ugw0rV7Sx271jjvydTx4AaABAg.AIYVX3nbq9SAJ0ooZTE5lC,negative,0.8,positive,0.95,disagreement,-0.1499999999999999,0.1499999999999999,Llama,False
Ugw0rV7Sx271jjvydTx4AaABAg.AIYVX3nbq9SAJ6tj7-Lu3F,negative,0.8,positive,0.95,disagreement,-0.1499999999999999,0.1499999999999999,Llama,False
Ugw0rV7Sx271jjvydTx4AaABAg.AIYVX3nbq9SAJBmHlDG0tP,negative,0.8,positive,0.95,disagreement,-0.1499999999999999,0.1499999999999999,Llama,False
Ugw0rV7Sx271jjvydTx4AaABAg.AIYVX3nbq9SAIpRd66pxe1,negative,0.8,positive,0.95,disagreement,-0.1499999999999999,0.1499999999999999,Llama,False
UgyvyB8nFOxEOuhhZH14AaABAg,negative,0.8,positive,0.95,disagreement,-0.1499999999999999,0.1499999999999999,Llama,False
Ugyr3XjunhQ3oT4VNlN4AaABAg.AIZ4Q1VwTF3AJ3citJgbB1,negative,0.8,positive,0.95,disagreement,-0.1499999999999999,0.1499999999999999,Llama,False
UgwU6kBm1GxSZriYpoV4AaABAg.9eqWbhAuldX9x7FaZlvEJI,negative,0.8,positive,0.95,disagreement,-0.1499999999999999,0.1499999999999999,Llama,False
Ugw0rV7Sx271jjvydTx4AaABAg.AIYVX3nbq9SAIkuX59PBOg,negative,0.8,positive,0.95,disagreement,-0.1499999999999999,0.1499999999999999,Llama,False
UgwU6kBm1GxSZriYpoV4AaABAg,negative,0.8,positive,0.95,disagreement,-0.1499999999999999,0.1499999999999999,Llama,False
Ugwj0KpuKe2jrGJAuTN4AaABAg.9chKjXsYn8f9chmY3z76Tn,negative,0.8,positive,0.95,disagreement,-0.1499999999999999,0.1499999999999999,Llama,False
Ugwj0KpuKe2jrGJAuTN4AaABAg.9chKjXsYn8f9cheG5u1vAi,negative,0.8,positive,0.95,disagreement,-0.1499999999999999,0.1499999999999999,Llama,False
UgyZJU1FJJePRTJOTH14AaABAg,negative,0.8,positive,0.95,disagreement,-0.1499999999999999,0.1499999999999999,Llama,False
Ugw0rV7Sx271jjvydTx4AaABAg.AIYVX3nbq9SAJDWe1FCbgf,negative,0.8,positive,0.95,disagreement,-0.1499999999999999,0.1499999999999999,Llama,False
UgxNZ5tVDJdDAo-xdcJ4AaABAg.AIZ6P5KYNEwAIfrBWPqDV6,negative,0.8,positive,0.95,disagreement,-0.1499999999999999,0.1499999999999999,Llama,False
UgxNfVR3rb1IriRq_0J4AaABAg.AIYe-rrWjfsAIft-kKsZHd,negative,0.8,positive,0.95,disagreement,-0.1499999999999999,0.1499999999999999,Llama,False
UgxNZ5tVDJdDAo-xdcJ4AaABAg.AIZ6P5KYNEwAIfs_skKjML,negative,0.8,positive,0.95,disagreement,-0.1499999999999999,0.1499999999999999,Llama,False
Ugyr3XjunhQ3oT4VNlN4AaABAg.AIZ4Q1VwTF3AIqRZIRL3S2,negative,0.8,positive,0.95,disagreement,-0.1499999999999999,0.1499999999999999,Llama,False
Ugyr3XjunhQ3oT4VNlN4AaABAg.AIZ4Q1VwTF3AIzDjbB_uYV,negative,0.8,positive,0.95,disagreement,-0.1499999999999999,0.1499999999999999,Llama,False
Ugyr3XjunhQ3oT4VNlN4AaABAg.AIZ4Q1VwTF3AIzDmkkJxY-,negative,0.8,positive,0.95,disagreement,-0.1499999999999999,0.1499999999999999,Llama,False
Ugyr3XjunhQ3oT4VNlN4AaABAg.AIZ4Q1VwTF3AJ-NMMKnLeV,negative,0.8,positive,0.95,disagreement,-0.1499999999999999,0.1499999999999999,Llama,False
Ugyr3XjunhQ3oT4VNlN4AaABAg.AIZ4Q1VwTF3AIfxmi_gpgT,negative,0.8,positive,0.95,disagreement,-0.1499999999999999,0.1499999999999999,Llama,False
Ugyr3XjunhQ3oT4VNlN4AaABAg.AIZ4Q1VwTF3AIl2jvlUEe9,negative,0.8,positive,0.95,disagreement,-0.1499999999999999,0.1499999999999999,Llama,False
Ugyr3XjunhQ3oT4VNlN4AaABAg.AIZ4Q1VwTF3AIkxNl8gs-B,negative,0.8,positive,0.95,disagreement,-0.1499999999999999,0.1499999999999999,Llama,False
Ugyr3XjunhQ3oT4VNlN4AaABAg.AIZ4Q1VwTF3AIkxRBcMxpc,negative,0.8,positive,0.95,disagreement,-0.1499999999999999,0.1499999999999999,Llama,False
Ugz8lua-pUlImVqpPcd4AaABAg.AIYeRIuh_8mAIfDqBWOS_R,negative,0.8,positive,0.95,disagreement,-0.1499999999999999,0.1499999999999999,Llama,False
Ugz8lua-pUlImVqpPcd4AaABAg.AIYeRIuh_8mAIeoaXlzRhJ,negative,0.8,positive,0.95,disagreement,-0.1499999999999999,0.1499999999999999,Llama,False
Ugy1il0OIJCaqSVh5k54AaABAg.AIi7r0cOHioAJ-OF5n1h-O,negative,0.8,positive,0.95,disagreement,-0.1499999999999999,0.1499999999999999,Llama,False
UgwPpufEY4x2IdgjlaN4AaABAg.AIYUr9qCQa_AIfyIOhoo9O,negative,0.8,positive,0.95,disagreement,-0.1499999999999999,0.1499999999999999,Llama,False
UgwPpufEY4x2IdgjlaN4AaABAg.AIYUr9qCQa_AIfr40hHKaI,negative,0.8,positive,0.95,disagreement,-0.1499999999999999,0.1499999999999999,Llama,False
Ugyr3XjunhQ3oT4VNlN4AaABAg.AIZ4Q1VwTF3AIfrBkX0LTj,negative,0.8,positive,0.95,disagreement,-0.1499999999999999,0.1499999999999999,Llama,False
Ugz8lua-pUlImVqpPcd4AaABAg.AIYeRIuh_8mAIftGu-CYWV,negative,0.8,positive,0.95,disagreement,-0.1499999999999999,0.1499999999999999,Llama,False
Ugyr3XjunhQ3oT4VNlN4AaABAg.AIZ4Q1VwTF3AIjUFkqnSTN,negative,0.8,positive,0.95,disagreement,-0.1499999999999999,0.1499999999999999,Llama,False
UgzHMhyQqI42Rc1uzlZ4AaABAg.AIelvT-DmFUAIfD3NIkFyw,negative,0.8,positive,0.95,disagreement,-0.1499999999999999,0.1499999999999999,Llama,False
UgwPpufEY4x2IdgjlaN4AaABAg.AIYUr9qCQa_AId8CdPgUOq,negative,0.8,positive,0.95,disagreement,-0.1499999999999999,0.1499999999999999,Llama,False
UgwPpufEY4x2IdgjlaN4AaABAg.AIYUr9qCQa_AIfqeulP0hF,negative,0.8,positive,0.95,disagreement,-0.1499999999999999,0.1499999999999999,Llama,False
UgytJtVhqa6Flw7tw6R4AaABAg,negative,0.8,positive,0.95,disagreement,-0.1499999999999999,0.1499999999999999,Llama,False
UgxE1xM9xgvgwJhZit94AaABAg,negative,0.8,positive,0.95,disagreement,-0.1499999999999999,0.1499999999999999,Llama,False
UgxQCH8MMTygkX1Moyd4AaABAg,negative,0.8,positive,0.95,disagreement,-0.1499999999999999,0.1499999999999999,Llama,False
UgyIWG0KQjU-voAhJl14AaABAg.9SadOGZ68V79Sapdqub4tT,negative,0.8,positive,0.95,disagreement,-0.1499999999999999,0.1499999999999999,Llama,False
UgxxtEQITU7z8cpAdOR4AaABAg.9GB43yv1k1WAKvDTLzFgFP,negative,0.8,positive,0.95,disagreement,-0.1499999999999999,0.1499999999999999,Llama,False
UgwYYq54_Stcj7iQy7p4AaABAg.ANcLdvi8ZCNANfCnKvwnof,negative,0.8,positive,0.95,disagreement,-0.1499999999999999,0.1499999999999999,Llama,False
UgzulEVEWZtJnsse5DV4AaABAg.8hP_DiY_Omc8hXLGFXdrjj,negative,0.8,positive,0.95,disagreement,-0.1499999999999999,0.1499999999999999,Llama,False
UgzNDUOIc3TwNFCpuYZ4AaABAg.9g2LQ3V8a579wglN4j7Ku_,negative,0.8,positive,0.95,disagreement,-0.1499999999999999,0.1499999999999999,Llama,False
UgzNDUOIc3TwNFCpuYZ4AaABAg,negative,0.8,positive,0.95,disagreement,-0.1499999999999999,0.1499999999999999,Llama,False
Ugzkr538H_mPWe1HzA94AaABAg.8hPdaJg67rw9wgdmIVHB3O,negative,0.8,positive,0.95,disagreement,-0.1499999999999999,0.1499999999999999,Llama,False
UgzYXL9mNmZb5RuJW1t4AaABAg.8hTnvJC9ogN8pJSmjsZ3BH,negative,0.8,positive,0.95,disagreement,-0.1499999999999999,0.1499999999999999,Llama,False
Ugx5AHLYd04JCnaE99J4AaABAg,negative,0.8,positive,0.95,disagreement,-0.1499999999999999,0.1499999999999999,Llama,False
UgxRbvbZrVwDlrCV6R94AaABAg,negative,0.8,positive,0.95,disagreement,-0.1499999999999999,0.1499999999999999,Llama,False
UgwppeW5hwZe85fWcZh4AaABAg.AIYMewyFEx3AIdFe49fXX_,negative,0.85,neutral,0.98,disagreement,-0.13,0.13,Llama,False
UgzzNtFlaPheK0kaQ-d4AaABAg.9GwbvtEDSdN9GweH8wWdtB,negative,0.85,neutral,0.98,disagreement,-0.13,0.13,Llama,False
UgwgCIiP6HgicJaAZsd4AaABAg.AOAL9VIvvL4AOG5Kse3P2f,positive,0.82,negative,0.94,disagreement,-0.12,0.12,Llama,False
UgwYYq54_Stcj7iQy7p4AaABAg.ANcLdvi8ZCNANnvBcQMQ_-,positive,0.82,negative,0.94,disagreement,-0.12,0.12,Llama,False
UgyEByxz58p6u9GeVU14AaABAg,positive,0.82,negative,0.93,disagreement,-0.1100000000000001,0.1100000000000001,Llama,False
Ugz4p58wi5nZJJn_X454AaABAg,negative,0.85,positive,0.95,disagreement,-0.09999999999999998,0.09999999999999998,Llama,False
Ugz_xzjMKwXPPcrfe2t4AaABAg,neutral,0.85,negative,0.95,disagreement,-0.09999999999999998,0.09999999999999998,Llama,False
UgzeUNWadpVzvT2XreB4AaABAg.A3v9KGJ6afFA3wzA6wasJF,positive,0.85,negative,0.95,disagreement,-0.09999999999999998,0.09999999999999998,Llama,False
UgwPpufEY4x2IdgjlaN4AaABAg.AIYUr9qCQa_AIkuQ4P_jsh,positive,0.85,negative,0.95,disagreement,-0.09999999999999998,0.09999999999999998,Llama,False
UgxVbCLm1_MZzpkZNpB4AaABAg.A3pgbAzbWDxA3u6VJQygx_,positive,0.85,negative,0.95,disagreement,-0.09999999999999998,0.09999999999999998,Llama,False
UgzGN3YSg4IB-b7zF354AaABAg,positive,0.85,negative,0.95,disagreement,-0.09999999999999998,0.09999999999999998,Llama,False
UgwdUH0FnLEAX0qgw914AaABAg.ANcW0WpkkSeANeALZfez7A,neutral,0.85,negative,0.95,disagreement,-0.09999999999999998,0.09999999999999998,Llama,False
UgwyBNnFy1EhBilFPrN4AaABAg,positive,0.85,negative,0.95,disagreement,-0.09999999999999998,0.09999999999999998,Llama,False
Ugw0rV7Sx271jjvydTx4AaABAg.AIYVX3nbq9SAIqf-624f7v,neutral,0.85,positive,0.95,disagreement,-0.09999999999999998,0.09999999999999998,Llama,False
UgzqMDxEzaKheSJEb0V4AaABAg,positive,0.85,negative,0.95,disagreement,-0.09999999999999998,0.09999999999999998,Llama,False
Ugw0rV7Sx271jjvydTx4AaABAg.AIYVX3nbq9SAJDeUwwq_F3,positive,0.85,negative,0.95,disagreement,-0.09999999999999998,0.09999999999999998,Llama,False
Ugw0rV7Sx271jjvydTx4AaABAg.AIYVX3nbq9SAJBJY0C5-w-,positive,0.85,negative,0.95,disagreement,-0.09999999999999998,0.09999999999999998,Llama,False
UgwWDuwd2TAKHStU-gp4AaABAg,positive,0.85,negative,0.95,disagreement,-0.09999999999999998,0.09999999999999998,Llama,False
UgzmOyUppgf49eCXIGZ4AaABAg,positive,0.85,negative,0.95,disagreement,-0.09999999999999998,0.09999999999999998,Llama,False
Ugyr3XjunhQ3oT4VNlN4AaABAg.AIZ4Q1VwTF3AIicgn2c3Ov,negative,0.85,positive,0.95,disagreement,-0.09999999999999998,0.09999999999999998,Llama,False
Ugy1il0OIJCaqSVh5k54AaABAg.AIi7r0cOHioAIpRW2eUS7m,positive,0.85,negative,0.95,disagreement,-0.09999999999999998,0.09999999999999998,Llama,False
UgyHud9L8EVE_gjQUtd4AaABAg,positive,0.85,negative,0.95,disagreement,-0.09999999999999998,0.09999999999999998,Llama,False
Ugz2TbMAmNhpBK8bXsV4AaABAg,positive,0.85,negative,0.95,disagreement,-0.09999999999999998,0.09999999999999998,Llama,False
UgyOf60A6qkWIr-lX3N4AaABAg.9a5Z8Li5Awa9aDNrB1-tEh,positive,0.85,negative,0.95,disagreement,-0.09999999999999998,0.09999999999999998,Llama,False
UgyOf60A6qkWIr-lX3N4AaABAg.9a5Z8Li5Awa9ubBKuWctDU,neutral,0.85,negative,0.95,disagreement,-0.09999999999999998,0.09999999999999998,Llama,False
UgzhZEtC3N_CSNaKBJt4AaABAg.8dwFCP3PYOY8e62kYoVdiB,negative,0.85,positive,0.95,disagreement,-0.09999999999999998,0.09999999999999998,Llama,False
UgxKz7yBv-PS5pJ3qZN4AaABAg,positive,0.85,negative,0.95,disagreement,-0.09999999999999998,0.09999999999999998,Llama,False
UgxI2RqX79aohpj16g54AaABAg.8njPMTY2pic8nk0Y-46otY,positive,0.85,negative,0.95,disagreement,-0.09999999999999998,0.09999999999999998,Llama,False
UgxI2RqX79aohpj16g54AaABAg,neutral,0.85,negative,0.95,disagreement,-0.09999999999999998,0.09999999999999998,Llama,False
UgyyvwX8k8d28Hw8iuF4AaABAg.9cIXpCW3yPu9cJr37_MMp_,positive,0.85,negative,0.95,disagreement,-0.09999999999999998,0.09999999999999998,Llama,False
Ugzu7jFDL0OMbSE77kF4AaABAg.9VAaE_4Vaq49VDg8tAT3qF,positive,0.85,negative,0.95,disagreement,-0.09999999999999998,0.09999999999999998,Llama,False
UgxihZC07Uyk4bn6K2Z4AaABAg.AKMYU8uH8M9AKNb5Nj47kG,positive,0.85,negative,0.95,disagreement,-0.09999999999999998,0.09999999999999998,Llama,False
UgyLuR3z2INg1a8sbF54AaABAg,positive,0.85,negative,0.95,disagreement,-0.09999999999999998,0.09999999999999998,Llama,False
Ugwswzoe2aMy42eAB3d4AaABAg,positive,0.85,negative,0.95,disagreement,-0.09999999999999998,0.09999999999999998,Llama,False
Ugw3GEmh4urMD8DYoPJ4AaABAg.AO7jnTtWs2FAOBqa-9v_LB,negative,0.85,positive,0.95,disagreement,-0.09999999999999998,0.09999999999999998,Llama,False
Ugz-9Cfbm0PAk7MUKjd4AaABAg,positive,0.85,negative,0.95,disagreement,-0.09999999999999998,0.09999999999999998,Llama,False
UgxrcREWJV35DidGfbh4AaABAg,positive,0.85,negative,0.95,disagreement,-0.09999999999999998,0.09999999999999998,Llama,False
UgzRfM3SK0VSra5O5H14AaABAg.9FtVKmOLS5a9FvzFRkZ3OC,negative,0.85,positive,0.95,disagreement,-0.09999999999999998,0.09999999999999998,Llama,False
UgxjQvn7dqB1MgZIz6h4AaABAg,positive,0.85,negative,0.95,disagreement,-0.09999999999999998,0.09999999999999998,Llama,False
Ugw_cZ0nWpdYdO-GLhN4AaABAg.9UeEY8vRKNu9Ug1nV021QE,positive,0.85,negative,0.95,disagreement,-0.09999999999999998,0.09999999999999998,Llama,False
UgxJPtrfmVStBdUvOOR4AaABAg.A0lkhajyaGwA20tjbG0Xla,positive,0.85,negative,0.95,disagreement,-0.09999999999999998,0.09999999999999998,Llama,False
UgySuur4Mo3tNmsLrjR4AaABAg.9cIEZVhRtm69cIQoduW2WW,negative,0.85,positive,0.95,disagreement,-0.09999999999999998,0.09999999999999998,Llama,False
UgxQqvdVW7IuVJyOhg14AaABAg,positive,0.85,negative,0.95,disagreement,-0.09999999999999998,0.09999999999999998,Llama,False
UgyAZoMWF9ZdkcIlRZR4AaABAg,positive,0.85,negative,0.95,disagreement,-0.09999999999999998,0.09999999999999998,Llama,False
Ugwy7VV3v0NreeopYIt4AaABAg,positive,0.85,negative,0.95,disagreement,-0.09999999999999998,0.09999999999999998,Llama,False
UgyYZKHTigb8ZavRRlt4AaABAg.9d6DsFCWxib9dBnQJ4_p-g,positive,0.85,negative,0.95,disagreement,-0.09999999999999998,0.09999999999999998,Llama,False
UgwAT6qvmUwpC2RfKIZ4AaABAg,positive,0.85,negative,0.95,disagreement,-0.09999999999999998,0.09999999999999998,Llama,False
UgwHGW3BbusnlDOweDt4AaABAg.ADEWjSzU53MADH6Wtn7P7O,positive,0.85,negative,0.95,disagreement,-0.09999999999999998,0.09999999999999998,Llama,False
UgzqUSAExq2ZjKitwet4AaABAg,negative,0.85,positive,0.95,disagreement,-0.09999999999999998,0.09999999999999998,Llama,False
Ugyubj9s5Sl06xsg5ER4AaABAg.9d1cvdQ7tsV9t6nmV11LNK,neutral,0.85,positive,0.95,disagreement,-0.09999999999999998,0.09999999999999998,Llama,False
Ugzlf4olLmkZHGcq9HR4AaABAg,positive,0.85,negative,0.95,disagreement,-0.09999999999999998,0.09999999999999998,Llama,False
Ugxl4mVVqezRSeAj6IN4AaABAg,positive,0.85,negative,0.95,disagreement,-0.09999999999999998,0.09999999999999998,Llama,False
UgxQ94FqewjWiyM_3Bp4AaABAg,positive,0.85,negative,0.95,disagreement,-0.09999999999999998,0.09999999999999998,Llama,False
Ugwa0JX-gOpN3ODnH-l4AaABAg.9c98Zc04VEr9yO4fGF3etQ,neutral,0.85,positive,0.95,disagreement,-0.09999999999999998,0.09999999999999998,Llama,False
UgxPhfe8b58hCZGT8394AaABAg.9c8wFff4KoA9cAH_PPXLNq,positive,0.85,negative,0.95,disagreement,-0.09999999999999998,0.09999999999999998,Llama,False
Ugxz3x3ttHWiNWyYRt54AaABAg.ADVoInvMWOiAEjthQp_On6,positive,0.85,negative,0.95,disagreement,-0.09999999999999998,0.09999999999999998,Llama,False
UgwTGVQLlV0xEX7SBXV4AaABAg,positive,0.85,negative,0.95,disagreement,-0.09999999999999998,0.09999999999999998,Llama,False
UgwdfuxuSaliFH6HnF54AaABAg,positive,0.85,negative,0.95,disagreement,-0.09999999999999998,0.09999999999999998,Llama,False
UgxfMrLZ49O7dFbywyR4AaABAg,positive,0.85,negative,0.95,disagreement,-0.09999999999999998,0.09999999999999998,Llama,False
Ugy1T4WvtW-CDXWcjWN4AaABAg,positive,0.85,negative,0.95,disagreement,-0.09999999999999998,0.09999999999999998,Llama,False
UgxdcLRIBNhUI-ZELY94AaABAg,neutral,0.85,positive,0.95,disagreement,-0.09999999999999998,0.09999999999999998,Llama,False
UgwHGW3BbusnlDOweDt4AaABAg.ADEWjSzU53MAKH6UWSVUPV,neutral,0.85,positive,0.95,disagreement,-0.09999999999999998,0.09999999999999998,Llama,False
UgwioEDkYIvcUpijab14AaABAg,positive,0.85,negative,0.95,disagreement,-0.09999999999999998,0.09999999999999998,Llama,False
Ugw2tf-dzkWHOyvs_8p4AaABAg,positive,0.85,negative,0.95,disagreement,-0.09999999999999998,0.09999999999999998,Llama,False
UgxEiCGIkEj-z2rl32Z4AaABAg,positive,0.85,negative,0.95,disagreement,-0.09999999999999998,0.09999999999999998,Llama,False
UgyqH2a0pzWOkrM5zGd4AaABAg,positive,0.85,negative,0.95,disagreement,-0.09999999999999998,0.09999999999999998,Llama,False
UgxLK9SJgZezR-DmZDJ4AaABAg.AEWwjiPbxxRAKH6aWkid4l,positive,0.85,negative,0.95,disagreement,-0.09999999999999998,0.09999999999999998,Llama,False
UgwMSjYw3lOYWY-s5td4AaABAg,neutral,0.85,negative,0.95,disagreement,-0.09999999999999998,0.09999999999999998,Llama,False
Ugz_UZPqf41Vq2Irq494AaABAg.9bYAiOreHv29bYgZZDd4a9,positive,0.85,negative,0.95,disagreement,-0.09999999999999998,0.09999999999999998,Llama,False
Ugxw5o7GOjnw1NXKMQd4AaABAg.AK1dwzcfVl0AK1y5bzTrss,positive,0.85,negative,0.95,disagreement,-0.09999999999999998,0.09999999999999998,Llama,False
Ugy4U2GbpmgfQZtstwN4AaABAg,positive,0.85,negative,0.95,disagreement,-0.09999999999999998,0.09999999999999998,Llama,False
UgxaJYEQL-1TeA5ckWt4AaABAg.9XZU44CfNEp9Xc2hviBlUL,negative,0.85,positive,0.95,disagreement,-0.09999999999999998,0.09999999999999998,Llama,False
Ugw_cZ0nWpdYdO-GLhN4AaABAg.9UeEY8vRKNu9Uft289D3gH,positive,0.85,negative,0.95,disagreement,-0.09999999999999998,0.09999999999999998,Llama,False
UgwVFEJuhsbPWbyo5SF4AaABAg,positive,0.85,negative,0.95,disagreement,-0.09999999999999998,0.09999999999999998,Llama,False
UgwV1YBMM9pGAV9-XSl4AaABAg,positive,0.85,negative,0.95,disagreement,-0.09999999999999998,0.09999999999999998,Llama,False
Ugxq9gbhsmA6Pd3wXR14AaABAg,positive,0.85,negative,0.95,disagreement,-0.09999999999999998,0.09999999999999998,Llama,False
UgyI6aJ7r4nfDQQGO-l4AaABAg,positive,0.85,negative,0.95,disagreement,-0.09999999999999998,0.09999999999999998,Llama,False
UgzojfZui6PSPlEfDd14AaABAg.9czwktBT4LS9d1Hs-xpffO,positive,0.85,negative,0.95,disagreement,-0.09999999999999998,0.09999999999999998,Llama,False
UgzopOZid-HNwWfuAHh4AaABAg,neutral,0.9,negative,1.0,disagreement,-0.09999999999999998,0.09999999999999998,Llama,False
Ugz-1Nn2o3efz6sRdgJ4AaABAg.9QP5Hh46W4A9QQLOITXk0m,negative,0.85,positive,0.95,disagreement,-0.09999999999999998,0.09999999999999998,Llama,False
UgzuFOpzvnOYX1xrkAp4AaABAg,positive,0.85,negative,0.95,disagreement,-0.09999999999999998,0.09999999999999998,Llama,False
UgxGjAHSYjwsrfibalV4AaABAg.9d--pOFvk829d6qW4ujrxM,positive,0.85,negative,0.95,disagreement,-0.09999999999999998,0.09999999999999998,Llama,False
UgwpD5D_2_S6i9wUMh94AaABAg.9c9EnIqWvap9cG6B7nQjre,positive,0.85,negative,0.94,disagreement,-0.08999999999999997,0.08999999999999997,Llama,False
Ugz7Fkcuk2DnaDEQF4N4AaABAg,positive,0.85,negative,0.94,disagreement,-0.08999999999999997,0.08999999999999997,Llama,False
UgzGURGudMAsR-BSNiV4AaABAg,positive,0.85,negative,0.94,disagreement,-0.08999999999999997,0.08999999999999997,Llama,False
Ugx7gX7P1maetqx1_x94AaABAg.AIZ35LacrZlAIkv30zcXXE,neutral,0.85,negative,0.94,disagreement,-0.08999999999999997,0.08999999999999997,Llama,False
UgyVEsMYXVCpi7FVEEh4AaABAg.9cIB3ViP9xZ9cIYUmPVpjO,positive,0.85,negative,0.94,disagreement,-0.08999999999999997,0.08999999999999997,Llama,False
Ugxqu_7nggUqxak7sXR4AaABAg.AO7nzWifbi4AO8j0_uIpEw,positive,0.85,negative,0.94,disagreement,-0.08999999999999997,0.08999999999999997,Llama,False
UgyCLMMjoB0vJWNDUTV4AaABAg.9mUCSAvrtAy9mW1xuHckfh,positive,0.85,negative,0.94,disagreement,-0.08999999999999997,0.08999999999999997,Llama,False
UgwYeSeAitL4hE9P4gh4AaABAg,positive,0.85,negative,0.94,disagreement,-0.08999999999999997,0.08999999999999997,Llama,False
UgzlYBBGZikvFTp5u2h4AaABAg,positive,0.85,negative,0.94,disagreement,-0.08999999999999997,0.08999999999999997,Llama,False
UgwqiKECpp1q-pfg6d14AaABAg.9cdmkskRnkG9d0s8Vit4VY,positive,0.85,negative,0.94,disagreement,-0.08999999999999997,0.08999999999999997,Llama,False
UgxZiu-z444mmCsxk9B4AaABAg,positive,0.85,negative,0.94,disagreement,-0.08999999999999997,0.08999999999999997,Llama,False
Ugwa-NXnKOZrg-zz_LN4AaABAg.9QScJfhmjFT9R5vJvbGMO0,positive,0.85,negative,0.94,disagreement,-0.08999999999999997,0.08999999999999997,Llama,False
Ugw0rV7Sx271jjvydTx4AaABAg.AIYVX3nbq9SAIp0gM-neRp,neutral,0.85,negative,0.94,disagreement,-0.08999999999999997,0.08999999999999997,Llama,False
Ugy1il0OIJCaqSVh5k54AaABAg.AIi7r0cOHioAJ-Mj7qhVYf,positive,0.85,negative,0.94,disagreement,-0.08999999999999997,0.08999999999999997,Llama,False
Ugxto6KFuyLdQUwP-9l4AaABAg,positive,0.85,negative,0.94,disagreement,-0.08999999999999997,0.08999999999999997,Llama,False
UgyyNsexz5Kl8bKn2Il4AaABAg,positive,0.85,negative,0.94,disagreement,-0.08999999999999997,0.08999999999999997,Llama,False
UgwPpufEY4x2IdgjlaN4AaABAg.AIYUr9qCQa_AIldgtUR5w8,positive,0.85,negative,0.94,disagreement,-0.08999999999999997,0.08999999999999997,Llama,False
UgzRfM3SK0VSra5O5H14AaABAg.9FtVKmOLS5a9G0ZVwCjd2b,positive,0.85,negative,0.93,disagreement,-0.08000000000000007,0.08000000000000007,Llama,False
Ugz5AfLB5cklZawGfvB4AaABAg.ACCHKz8ZIgMACCawLdsfXZ,neutral,0.85,negative,0.9,disagreement,-0.050000000000000044,0.050000000000000044,Llama,False
UgzHMhyQqI42Rc1uzlZ4AaABAg.AIelvT-DmFUAIfqYOWnkk3,positive,0.95,negative,1.0,disagreement,-0.050000000000000044,0.050000000000000044,Llama,False
UgwaGxlMDL0F5Q1msvd4AaABAg,positive,0.85,negative,0.9,disagreement,-0.050000000000000044,0.050000000000000044,Llama,False
Ugyosc-nYqi7qy4kRgR4AaABAg.9c8axSysBYw9c983IBILcv,positive,0.95,negative,1.0,disagreement,-0.050000000000000044,0.050000000000000044,Llama,False
Ugzxuh6L-MsypEJ5rY94AaABAg,positive,0.95,negative,1.0,disagreement,-0.050000000000000044,0.050000000000000044,Llama,False
UgzcQUTqj1jfxv04hml4AaABAg.9GwfUj7M11h9GwlD4y3xSl,positive,0.85,negative,0.9,disagreement,-0.050000000000000044,0.050000000000000044,Llama,False
Ugw4adf4hO-owSy3VsV4AaABAg.8sUkb4x0zUZ8sV9jqBbml5,neutral,0.85,negative,0.9,disagreement,-0.050000000000000044,0.050000000000000044,Llama,False
Ugyr3XjunhQ3oT4VNlN4AaABAg.AIZ4Q1VwTF3AIpwp2xgRCA,positive,0.95,negative,1.0,disagreement,-0.050000000000000044,0.050000000000000044,Llama,False
Ugw0rV7Sx271jjvydTx4AaABAg.AIYVX3nbq9SAJEN_1Xd0yL,positive,0.95,negative,1.0,disagreement,-0.050000000000000044,0.050000000000000044,Llama,False
UgyHud9L8EVE_gjQUtd4AaABAg.ANF56M53cbfANFl_obRfr-,positive,0.85,negative,0.9,disagreement,-0.050000000000000044,0.050000000000000044,Llama,False
Ugydeg2m2Yjx2rPDvIR4AaABAg.AO7GlrhBEQkAO7faNGisVe,positive,0.95,negative,1.0,disagreement,-0.050000000000000044,0.050000000000000044,Llama,False
UgzkSbpZunEZgPqmsT14AaABAg,positive,0.95,negative,1.0,disagreement,-0.050000000000000044,0.050000000000000044,Llama,False
UgwPg4bGMWBbhLL-a2B4AaABAg.9cdHXMBh45A9cecYn1GIKr,positive,0.95,negative,1.0,disagreement,-0.050000000000000044,0.050000000000000044,Llama,False
Ugzb-9NakpyLsIGAlQh4AaABAg,positive,0.95,negative,1.0,disagreement,-0.050000000000000044,0.050000000000000044,Llama,False
UgwnNwl5Gf-ebbDDdWl4AaABAg.9czrZzdls3F9rgC2MrVbAO,positive,0.95,neutral,1.0,disagreement,-0.050000000000000044,0.050000000000000044,Llama,False
UgyLdAz-_4VnWDgSW-94AaABAg.9c8XuxRFGa19czUIwkelBV,neutral,0.9,positive,0.95,disagreement,-0.04999999999999993,0.04999999999999993,Llama,False
UgzgmOZQ6Ldklrac1bl4AaABAg.9jPXLl8WZDl9vx38LI7PM8,negative,0.8,neutral,0.85,disagreement,-0.04999999999999993,0.04999999999999993,Llama,False
Ugy0KARRYOUkX95d42F4AaABAg,negative,0.8,positive,0.85,disagreement,-0.04999999999999993,0.04999999999999993,Llama,False
Ugzkr538H_mPWe1HzA94AaABAg.8hPdaJg67rw8hPlAYp8VOP,negative,0.8,positive,0.85,disagreement,-0.04999999999999993,0.04999999999999993,Llama,False
UgwYYq54_Stcj7iQy7p4AaABAg.ANcLdvi8ZCNANctUSorhsa,negative,0.8,neutral,0.85,disagreement,-0.04999999999999993,0.04999999999999993,Llama,False
UgzUFlOBkh5S_rJp_il4AaABAg,negative,0.8,neutral,0.85,disagreement,-0.04999999999999993,0.04999999999999993,Llama,False
UgxxtEQITU7z8cpAdOR4AaABAg.9GB43yv1k1WAKvD4tvtz23,negative,0.8,neutral,0.85,disagreement,-0.04999999999999993,0.04999999999999993,Llama,False
UgwVshT5Q-mCSRnKHVR4AaABAg.9chjqlyZ0549wbh4x9Plt3,negative,0.8,neutral,0.85,disagreement,-0.04999999999999993,0.04999999999999993,Llama,False
Ugw0rV7Sx271jjvydTx4AaABAg.AIYVX3nbq9SAJDSsLw5yP_,negative,0.8,neutral,0.85,disagreement,-0.04999999999999993,0.04999999999999993,Llama,False
UgyVnUDgt4Jw7yyB7Wl4AaABAg,negative,0.8,neutral,0.85,disagreement,-0.04999999999999993,0.04999999999999993,Llama,False
UgxxtEQITU7z8cpAdOR4AaABAg,negative,0.8,neutral,0.85,disagreement,-0.04999999999999993,0.04999999999999993,Llama,False
UgwhDovbiWWZi1hvTjh4AaABAg.9Fys46wU-Jr9GB4Rq7juM6,negative,0.8,neutral,0.85,disagreement,-0.04999999999999993,0.04999999999999993,Llama,False
UgxTLuCxqLsypZLXBSt4AaABAg.ADDqStKCc7BADEDT7dPa-N,negative,0.8,neutral,0.85,disagreement,-0.04999999999999993,0.04999999999999993,Llama,False
Ugyn-jXQiiSh00o2aJ14AaABAg.9c8mND1Aano9c9DUxAPxlv,negative,0.8,neutral,0.85,disagreement,-0.04999999999999993,0.04999999999999993,Llama,False
UgyTudDEE60u6jILaiN4AaABAg,negative,0.8,neutral,0.85,disagreement,-0.04999999999999993,0.04999999999999993,Llama,False
UgxJqux325SDwfV4uZN4AaABAg.AIZFs_PfBZRAIl0q2tTihK,negative,0.8,neutral,0.85,disagreement,-0.04999999999999993,0.04999999999999993,Llama,False
Ugx8unZix8kFGn8t_nV4AaABAg,negative,0.8,positive,0.85,disagreement,-0.04999999999999993,0.04999999999999993,Llama,False
UgwIVmbWMVyeHN8dsMt4AaABAg,negative,0.8,neutral,0.85,disagreement,-0.04999999999999993,0.04999999999999993,Llama,False
UgxmYMANZpVIxMLXQjJ4AaABAg,negative,0.8,positive,0.85,disagreement,-0.04999999999999993,0.04999999999999993,Llama,False
Ugzu7jFDL0OMbSE77kF4AaABAg.9VAaE_4Vaq49VAegUSiuKM,negative,0.8,neutral,0.85,disagreement,-0.04999999999999993,0.04999999999999993,Llama,False
Ugzu7jFDL0OMbSE77kF4AaABAg.9VAaE_4Vaq49VDgWCly_Nu,negative,0.8,neutral,0.85,disagreement,-0.04999999999999993,0.04999999999999993,Llama,False
Ugw87PSE-J8PLPl_jjl4AaABAg,negative,0.8,neutral,0.85,disagreement,-0.04999999999999993,0.04999999999999993,Llama,False
Ugz9MmEUk-C520x7P6t4AaABAg,negative,0.8,neutral,0.85,disagreement,-0.04999999999999993,0.04999999999999993,Llama,False
UgxBVdKWECiTe8sFX354AaABAg.9Ue7vdUHZBc9UrqMmxBF4Q,negative,0.8,neutral,0.85,disagreement,-0.04999999999999993,0.04999999999999993,Llama,False
UgzVHvGQXwHoaSJNrBZ4AaABAg,negative,0.8,neutral,0.85,disagreement,-0.04999999999999993,0.04999999999999993,Llama,False
UgzJaLIuP0U6Zln7ie54AaABAg.90EcRejYcW490EsFQtugi4,negative,0.8,neutral,0.85,disagreement,-0.04999999999999993,0.04999999999999993,Llama,False
UgxjJ8VAa4Wvhh8vR9t4AaABAg.9QOHFGgC4Gv9QOfb7fDvvH,positive,0.85,negative,0.8,disagreement,0.04999999999999993,0.04999999999999993,Gemma,False
UgyhIjZiybeeByEdU514AaABAg.9czuaWQiV0J9d1PkoRvw0A,negative,0.8,neutral,0.85,disagreement,-0.04999999999999993,0.04999999999999993,Llama,False
UgxMBfqsQPHbcHDcoAt4AaABAg.9d-A3aQr1FR9d-inCrhG5B,negative,0.8,neutral,0.85,disagreement,-0.04999999999999993,0.04999999999999993,Llama,False
Ugw7oCTUDTLFIfInGv54AaABAg.9c8Yg__nxvi9vrklPeFi1V,negative,0.8,neutral,0.85,disagreement,-0.04999999999999993,0.04999999999999993,Llama,False
UgyCLMMjoB0vJWNDUTV4AaABAg,negative,0.8,neutral,0.85,disagreement,-0.04999999999999993,0.04999999999999993,Llama,False
Ugz64JkjNPBxgH-VXsp4AaABAg.ADECQUyTl9SADEJCJtKwMO,negative,0.8,neutral,0.85,disagreement,-0.04999999999999993,0.04999999999999993,Llama,False
Ugz7Z04EQFTcjXV6wQh4AaABAg.9c8PbCnKG9W9cAHI0XoA4n,positive,0.85,negative,0.8,disagreement,0.04999999999999993,0.04999999999999993,Gemma,False
UgyFa8lCWOSy7KlDmOZ4AaABAg.9bYGha81Hu_9uNP1m7bjbi,negative,0.8,neutral,0.85,disagreement,-0.04999999999999993,0.04999999999999993,Llama,False
UgxxtGA6NjrDIT8y_Cp4AaABAg,positive,0.82,negative,0.85,disagreement,-0.030000000000000027,0.030000000000000027,Llama,False
Ugy9OXnt5OEVg1uQiah4AaABAg,positive,0.98,negative,0.95,disagreement,0.030000000000000027,0.030000000000000027,Gemma,False
UgxHFvKYhfD2M0K4eDt4AaABAg,positive,0.98,negative,1.0,disagreement,-0.020000000000000018,0.020000000000000018,Llama,False
UgzXfrZeZBgdi5KvkCh4AaABAg.9QP5GWDPeFX9QQac3JimDN,positive,0.98,negative,1.0,disagreement,-0.020000000000000018,0.020000000000000018,Llama,False
UgzjKUaM_X5H3wtYOn54AaABAg,positive,0.98,negative,1.0,disagreement,-0.020000000000000018,0.020000000000000018,Llama,False
UgxQHdqTUx65iAzh_X14AaABAg.ADUq9Hk116RAKHO5XpHFFD,positive,0.98,negative,1.0,disagreement,-0.020000000000000018,0.020000000000000018,Llama,False
Ugyosc-nYqi7qy4kRgR4AaABAg,positive,0.98,negative,1.0,disagreement,-0.020000000000000018,0.020000000000000018,Llama,False
UgxJPtrfmVStBdUvOOR4AaABAg.A0lkhajyaGwA0qPybSeI-W,positive,0.98,negative,1.0,disagreement,-0.020000000000000018,0.020000000000000018,Llama,False
UgzQkWJLLsdiYIx3uvJ4AaABAg.AIYytCr9BiWAIp1UAhiu_1,positive,0.98,negative,1.0,disagreement,-0.020000000000000018,0.020000000000000018,Llama,False
UgwR7zQ50t6vdSGhdIJ4AaABAg,positive,0.9341,negative,0.95,disagreement,-0.015899999999999914,0.015899999999999914,Llama,False
Ugw0rV7Sx271jjvydTx4AaABAg.AIYVX3nbq9SAIYb0c9BOwV,neutral,0.8,negative,0.81,disagreement,-0.010000000000000009,0.010000000000000009,Llama,False
UgyvyB8nFOxEOuhhZH14AaABAg.9jOQL6X-aX79vx3UmgHLay,positive,0.95,negative,0.94,disagreement,0.010000000000000009,0.010000000000000009,Gemma,False
UgxNp30NcY3Blya_PFt4AaABAg.9d5hsNcQ3nk9dBtXXYXp2D,positive,0.82,negative,0.83,disagreement,-0.010000000000000009,0.010000000000000009,Llama,False
UgzRfM3SK0VSra5O5H14AaABAg,negative,0.85,neutral,0.85,disagreement,0.0,0.0,Equal,False
Ugy6lx_YUi3x8X9IbTB4AaABAg,positive,0.95,negative,0.95,disagreement,0.0,0.0,Equal,False
Ugw0rV7Sx271jjvydTx4AaABAg.AIYVX3nbq9SAIwsh7Ty1AL,positive,0.95,negative,0.95,disagreement,0.0,0.0,Equal,False
Ugydit5UYfNMQ0TEcmF4AaABAg,negative,0.85,neutral,0.85,disagreement,0.0,0.0,Equal,False
Ugz3dP2Enih7frqJMdJ4AaABAg,positive,0.85,neutral,0.85,disagreement,0.0,0.0,Equal,False
Ugxv1KiTvTJnl2fXejd4AaABAg,positive,0.85,negative,0.85,disagreement,0.0,0.0,Equal,False
UgzGCYWNYC3LX7goss14AaABAg.9Zw5c7gDMFo9_4zEmKu598,positive,0.85,neutral,0.85,disagreement,0.0,0.0,Equal,False
UgwojIlK6uSPkj1jOTh4AaABAg,positive,0.95,negative,0.95,disagreement,0.0,0.0,Equal,False
UgzcQUTqj1jfxv04hml4AaABAg.9GwfUj7M11h9GzFIDftXzk,negative,0.85,neutral,0.85,disagreement,0.0,0.0,Equal,False
UgxNp30NcY3Blya_PFt4AaABAg.9d5hsNcQ3nk9dGFEIKAaHS,positive,0.85,neutral,0.85,disagreement,0.0,0.0,Equal,False
Ugwa0JX-gOpN3ODnH-l4AaABAg.9c98Zc04VEr9cFwnf044mi,negative,0.85,neutral,0.85,disagreement,0.0,0.0,Equal,False
