gemma_label,llama_label,count,gemma_mean_confidence,llama_mean_confidence,mean_absolute_confidence_difference
,negative,874,,0.9420823798627003,
,positive,293,,0.9484300341296927,
negative,positive,260,0.763,0.9385769230769231,0.17557692307692302
,neutral,146,,0.928972602739726,
negative,neutral,113,0.7545132743362832,0.8888495575221239,0.15876106194690265
neutral,negative,102,0.7288235294117648,0.9104901960784314,0.19794117647058826
neutral,positive,59,0.7234050847457627,0.940677966101695,0.21896779661016946
positive,negative,50,0.8790939999999999,0.938,0.076506
positive,neutral,11,0.8554545454545455,0.8554545454545455,0.12181818181818184
