video_id,text,CardiffNLP,NLPTown,BERTweet,Gemma,Llama,majority_label,majority_count,number_of_unique_labels,consensus_strength,outlier_models,Gemma_confidence,Llama_confidence
trlSvmfBLjc,Europat - Will Macedonia remain in a buffer zone if the Bulgarians are not included in the Constitution?,negative,positive,neutral,negative,neutral,,0,3,0.0,,0.5,0.85
97cGb1Id5e0,Krmov: Negotiations with the EU are an imposed focus to justify the capitulating Prespa Agreement,neutral,positive,neutral,negative,negative,,0,3,0.0,,0.5,0.83
THNoe_6Kxos,Tsipras is the first Greek Prime Minister to visit R. Macedonia,positive,negative,neutral,negative,neutral,,0,3,0.0,,0.53,0.85
J0pkoymUoFI,"Apasiev and Krmov together with the leader of the Left Party, Toni Stamenkovski, at a meeting with citizens in Delčevo",negative,positive,neutral,negative,positive,,0,3,0.0,,0.5,0.85
DwHAzlYzvG0,Bacev's strong message: No name change and entry into NATO and the EU,neutral,negative,neutral,positive,positive,,0,3,0.0,,0.75,0.95
uZpGlz9Elco,IRI survey: 57 percent are in favor of NATO and EU membership under the name of the Republic of North Macedonia,neutral,negative,neutral,positive,positive,,0,3,0.0,,0.85,0.95
HohAEDTGcp8,The drama about granting a date for negotiations with the EU to Macedonia continues today,negative,positive,neutral,negative,neutral,,0,3,0.0,,0.55,0.85
JAPhRssamX4,Protest of Ukrainians from Macedonia in front of the Russian embassy in Skopje,negative,negative,neutral,positive,positive,,0,3,0.0,,0.85,0.95
Jb6rDn_b_2c,Mickoski can solve the Prespa agreement differently!,neutral,positive,neutral,negative,positive,,0,3,0.0,,0.85,0.95
fYlN0wwszOE,24 Open - Will there be responsibility and consequences for the parliamentary fiasco?,negative,positive,neutral,negative,neutral,,0,3,0.0,,0.5,0.58
Hnjiou-0NXg,"With a supplemented and expanded French proposal, the Bulgarian Assembly lifted the veto for Macedonia",neutral,negative,neutral,positive,positive,,0,3,0.0,,0.75,0.95
jQQGufDhmwA,VO CENTAR France Rambuje za Makedonija!,neutral,negative,neutral,positive,positive,,0,3,0.0,,0.85,0.95
vB9sIcT1NHc,Protest in defense of the name Macedonia,negative,negative,neutral,positive,positive,,0,3,0.0,,0.85,0.95
Gro20J7FAA0,"""Stress and anxiety during the corona pandemic"" - Psychotherapist Hadjivanova from Neocortex",negative,positive,neutral,negative,neutral,,0,3,0.0,,0.5,0.85
H9G7hiYzy6M,"Zaharieva: If Macedonia recognizes the Bulgarian roots, there will be no veto",neutral,negative,neutral,positive,positive,,0,3,0.0,,0.85,0.95
xXzVD4gmnBg,Protests for the preservation of the constitutional name of Macedonia,neutral,negative,neutral,positive,positive,,0,3,0.0,,0.85,0.95
Lw8Z14g2Hac,Just a child,neutral,positive,neutral,negative,positive,,0,3,0.0,,0.5,0.95
PVw40GuMVUk,New demands of Bulgaria to Macedonia,neutral,positive,neutral,negative,negative,,0,3,0.0,,0.55,0.55
R6nDpY_K7ZQ,Siljanovska: Our name is Macedonia,neutral,negative,neutral,positive,positive,,0,3,0.0,,0.85,0.95
RgmhnfZTLP8,"Trilling - NO to the French proposal, but YES to what and for whom?",negative,positive,neutral,negative,neutral,,0,3,0.0,,0.5,0.53
GPg_xRxroNI,Donev for Alfa: Brexit will have consequences for Macedonia as well,negative,positive,neutral,negative,neutral,,0,3,0.0,,0.7,0.85
HyeucgUgOVU,"What next after today's new veto from Bulgaria? ""There is hope"", answers Osmani in ""ClickPlus"".",neutral,negative,neutral,positive,positive,,0,3,0.0,,0.85,0.95
QgN6pfhAWT8,"France is not giving up: The French proposal is still alive, Macron says the talks will continue",positive,negative,neutral,positive,neutral,,0,3,0.0,,0.85,0.55
9PkfcHD_a6E,"8. 1. Stress (introduction, causes of stress - psychological conflicts and frustrations)",negative,positive,negative,neutral,neutral,,0,3,0.0,,0.85,0.95
FlNXJ-Ss6Fo,"After the debacle with the NATO parties, a modest flag-raising ceremony",neutral,positive,neutral,negative,negative,,0,3,0.0,,0.55,0.5
7RPGdDgbhhQ,"VMRO-DPMNE protest in support of ""EU membership, for Macedonia and for Gotse Delchev""",neutral,negative,neutral,positive,positive,,0,3,0.0,,0.75,0.95
pWCyTRz2fSI,Nikoloski with Plenkovic and Kapeli: Macedonia deserves to start negotiations with the EU...,neutral,negative,neutral,positive,positive,,0,3,0.0,,0.65,0.95
d7cUkACvsa8,"""Currently on BeYourself"" with Sanja Stavrov - licensed psychologist and gestalt counselor",negative,positive,neutral,negative,neutral,,0,3,0.0,,0.5,0.58
XhTOqmXZnEM,Macedonia in the UN,neutral,negative,neutral,positive,positive,,0,3,0.0,,0.85,0.95
siebDicc1-A,"Irena Joveva: In order for the Macedonian language to exist, it does not need your permission macedonia bulgaria eu",neutral,negative,neutral,negative,positive,,0,3,0.0,,0.5,0.95
5yYOfzkKbZY,"Regional Conference ""Renewed Narrative for Accelerated Integration in the EU""",neutral,positive,neutral,negative,positive,,0,3,0.0,,0.85,0.95
AxVdpdXnRiM,MACEDONIA IN COLLECTIVE TRAUMA - HOW TO HEAL THE WOUNDS FROM THE TRAGEDY IN KOCANI?,negative,positive,neutral,negative,neutral,,0,3,0.0,,0.7,0.85
Ncr04i27KyU,Clear and Loud When will we breathe clean air?,neutral,positive,neutral,negative,negative,,0,3,0.0,,0.5,0.5
oegzCMibWWU,"TURNOVER | Davitkovski: The system is reset only with professionals, not party soldiers",negative,positive,neutral,negative,neutral,,0,3,0.0,,0.5,0.53
FN_MjAdElrw,"Greece on its feet tonight - ""The Greek character of Macedonia is being defended""",neutral,negative,neutral,positive,positive,,0,3,0.0,,0.85,0.95
OmWDEDYgGLg,Will the new legal amendments increase the real fight against corruption?,negative,positive,neutral,negative,neutral,,0,3,0.0,,0.5,0.58
UcTbsw4CYR4,"Milosevic, ADP-ZID, Montenegro: We are constantly in a political crisis, and this affects the path to the EU",neutral,positive,neutral,negative,negative,,0,3,0.0,,0.5,0.5
6mz4F_MBeMA,Neshkov: Bulgaria has always supported Macedonia,neutral,negative,neutral,positive,positive,,0,3,0.0,,0.85,0.95
dawrnf5M_u0,Germany gave its consent for the admission of Macedonia to NATO,neutral,negative,neutral,positive,positive,,0,3,0.0,,0.85,0.95
EQOf5mJOptw,Potskov: Profit must not be at the expense of ecology,negative,negative,neutral,neutral,positive,,0,3,0.0,,0.45,0.85
zVrgoz7pykc,State Administration - Program The True Macedonian Path 31 July 2019,neutral,positive,neutral,negative,positive,,0,3,0.0,,0.5,0.95
S4N9FeDGkkQ,"Kovachevski: The Macedonian language is defined, we are a people with a special identity",neutral,negative,neutral,positive,positive,,0,3,0.0,,0.7879,0.95
PGG5q0E1qeE,"Mickoski: There will be no constitutional amendments, the text is acceptable and harmful for Macedonia",negative,positive,neutral,negative,neutral,,0,3,0.0,,0.6,0.85
uDFozzFkVsQ,How to help children in a state of collective trauma?,negative,positive,neutral,negative,neutral,,0,3,0.0,,0.5,0.85
D9DDI6iMvTg,"Peer violence, how to recognize and prevent it, where society evades 1",negative,positive,neutral,negative,neutral,,0,3,0.0,,0.5,0.53
ExwBx9SETmQ,The government prepares the public - Macedonia may remain without negotiations with the EU,neutral,positive,neutral,negative,negative,,0,3,0.0,,0.7,0.55
fIGSbXx4vm0,"Mass protests in Athens, Greeks defend the name Macedonia",negative,negative,neutral,positive,positive,,0,3,0.0,,0.85,0.95
wkX-Q2pD0nY,"A turning point in the negotiations, is a solution to the dispute in sight?",negative,positive,neutral,negative,neutral,,0,3,0.0,,0.5,0.85
fT0LHTf39Tc,Zaharieva: Macedonia can start negotiations for EU membership by July,neutral,negative,neutral,positive,positive,,0,3,0.0,,0.85,0.95
VBw_BmgauiI,Macedonia's name and identity have no price and are not for sale,neutral,negative,neutral,positive,positive,,0,3,0.0,,0.85,0.95
hiEaYIjBl84,"Does ""Severna"" threaten the Macedonian identity?",negative,negative,neutral,positive,neutral,,0,3,0.0,,0.85,0.85
yJFkZOim9I4,Zaev from the EP in Strasbourg: I ​​feel a European Macedonia,neutral,negative,neutral,positive,positive,,0,3,0.0,,0.85,0.95
r8_3Z1ey6BY,"Protests in Thessaloniki, thousands of Greeks said ""Macedonia is Greek""",neutral,negative,neutral,positive,positive,,0,3,0.0,,0.85,1.0
OiXNQaMmIMU,Tsipras saved the government - he is coming to Prespa tomorrow for the agreement,negative,negative,neutral,positive,positive,,0,3,0.0,,0.75,0.85
yp_AXkxxtFk,For a better Macedonia became For the reconstruction of Macedonia - Mickoski changed his name,neutral,neutral,positive,negative,negative,,0,3,0.0,,0.5,0.9
ESBS_xvxr-0,"Greek media: ""New Macedonia"" is the most acceptable proposal for the name dispute",positive,negative,neutral,neutral,positive,,0,3,0.0,,0.7,0.95
jXZ8wPk9g4g,Zaev: Macedonia is not to blame for the Bulgarian veto,negative,negative,neutral,neutral,positive,,0,3,0.0,,0.7,0.85
GUCM75JeTwA,"Review of stress from Russian attacks, found cancer in refugee from Ukraine",negative,positive,neutral,negative,neutral,,0,3,0.0,,0.5,0.85
XY6U6TLJs-8,ZAEV PROVIDED FOR THE NAME OF MACEDONIA,negative,positive,neutral,positive,negative,,0,3,0.0,,0.85,0.95
D4f6jT0IWm8,Filipche: The Prespa Agreement is a solution to the Interim Agreement of 1995!,neutral,positive,neutral,negative,positive,,0,3,0.0,,0.7,0.95
pLQtYjQ-X5w,"A quick resolution of ""Racket"" will prevent a political crisis in the country",negative,positive,neutral,negative,positive,,0,3,0.0,,0.5,0.85
6RGkPaujGrs,Asselborn: Greece and Macedonia have never been closer to a name solution,negative,negative,neutral,positive,positive,,0,3,0.0,,0.7879,0.95
TuR38_7Ew5o,"24 Analysis - Interview with Talat Xhaferi, President of the Assembly",negative,positive,neutral,negative,neutral,,0,3,0.0,,0.5,0.85
8S_g31M674s,Experts: The smooth operation of REC will also depend on weather conditions,negative,negative,neutral,neutral,positive,,0,3,0.0,,0.65,0.85
N205RC6hFLY,"Hurricanes, earthquakes, floods, political ""calculations"" - the world in 2019",negative,positive,neutral,negative,neutral,,0,3,0.0,,0.6,0.85
v9DAqSTEaaE,LET'S TELL OURSELVES - Metodi Hadji Janev - Serbia in a political crisis,negative,positive,neutral,negative,neutral,,0,3,0.0,,0.5,0.85
hFKN8soj4h8,Zevzekmania Prespa agreement number 2,neutral,positive,neutral,negative,positive,,0,3,0.0,,0.6,1.0
dXvjZ8hIfQA,"Dimitar Apasiev's statement against NATO in ""Samo Truth""",negative,positive,neutral,negative,neutral,,0,3,0.0,,0.7,0.85
LlqpnRLmidI,Petrovska: The constitutional amendments do not threaten our national identity in any way,negative,negative,neutral,positive,positive,,0,3,0.0,,0.85,0.95
jdexrepbavI,Deputies are on trial for the first time after voting for constitutional amendments,neutral,positive,negative,negative,neutral,,0,3,0.0,,0.6,0.85
LlxjD1fnC5M,Stojanovski: VMRO-DPMNE had three years to win the trust of the citizens,positive,neutral,neutral,negative,negative,,0,3,0.0,,0.5,0.9
RTOk_UoLEvw,Cut - War of the Worlds,neutral,positive,neutral,negative,negative,,0,3,0.0,,0.7,0.95
EhvZ9qHzxPk,"Although it should be part of our normal functioning, stress takes on forms that we are not used to",negative,neutral,neutral,positive,positive,,0,3,0.0,,0.85,0.95
liUBw7El5O0,Smashing objects to relieve stress - Smash It Up room is mostly visited by women,neutral,negative,neutral,positive,positive,,0,3,0.0,,0.65,0.85
aOBs-PlEPTs,"""55 YEARS OF MACEDONIAN DIPLOMACY"" - DIPLOMACY - NATIONAL IDENTITY OF EVERY COUNTRY",negative,positive,negative,neutral,neutral,,0,3,0.0,,0.7,0.85
rzTWbb8IIW8,"""56 YEARS OF MACEDONIAN DIPLOMACY"" - DIPLOMACY - NATIONAL IDENTITY OF EVERY COUNTRY",negative,positive,negative,neutral,neutral,,0,3,0.0,,0.7,0.85
BO89ZuOJIfs,Weitz: Inserting the Macedonian language and identity was not a mistake,negative,neutral,neutral,positive,positive,,0,3,0.0,,0.85,0.95
5EdqO0RC0ck,"Disturbed family relations and mental health among young people - Mirjana Cvetkovic, psychologist, family counselor",negative,positive,neutral,negative,neutral,,0,3,0.0,,0.5,0.85
W3WEMEGtK8M,Gerald Kanus for TV 24: Macedonian identity was an obsession for many Bulgarians even 25 years ago,negative,positive,neutral,negative,neutral,,0,3,0.0,,0.6,0.85
S-e2vK3Fg-g,"We are Macedonians with a Macedonian identity, there is no need for any memoranda for that",neutral,negative,neutral,positive,positive,,0,3,0.0,,0.85,0.95
HlJ_Njek7qs,"There are no bad peoples, only bad policies - a report from Gevgelija, where thousands of Greeks come every day",negative,positive,negative,neutral,positive,,0,3,0.0,,0.7,0.85
ECfkzk-VJIs,Zaev proposes a government for national salvation,neutral,positive,neutral,negative,positive,,0,3,0.0,,0.5,0.85
lGiR7Dw62kE,WHO: There is no data that the AstraZeneca vaccine causes blood clots,neutral,negative,negative,neutral,positive,,0,3,0.0,,0.85,0.95
A4cEAI_Yn40,"Zaev: We reached an agreement - the Republic of North Macedonia, with Macedonian language and Macedonian identity",neutral,negative,neutral,neutral,positive,neutral,3,3,0.6,"NLPTown, Llama",0.7,0.95
XID0dhJAmeE,"Mihail Mihailov burned the ""Bulgarian flag"" in support of Macedonia",neutral,negative,negative,negative,positive,negative,3,3,0.6,"CardiffNLP, Llama",0.5,0.95
ERDH1qvZb-E,"Apasiev: With constitutional changes, we will celebrate San Stefano Bulgaria here in Macedonia",negative,positive,neutral,negative,negative,negative,3,3,0.6,"NLPTown, BERTweet",0.5,0.95
SXdOxQZ7Sew,Macedonia received a conditional date for the start of negotiations with the EU,neutral,negative,neutral,neutral,positive,neutral,3,3,0.6,"NLPTown, Llama",0.7,0.85
vxAAOiDr1cE,Potential Black Swan Events in the Rest of 2025 - Geo-Political and Macroeconomic! 18.06.2025,neutral,negative,neutral,positive,neutral,neutral,3,3,0.6,"NLPTown, Gemma",0.65,0.53
c0QP1YT2hss,Bacev on TV Nova: We will defend the name and Macedonia from the reborn Macedonians,neutral,positive,neutral,negative,neutral,neutral,3,3,0.6,"NLPTown, Gemma",0.5,0.85
uePNDKzbwts,"💥Prof. Andonov on the ""hybrid attacks"" of the government and the narratives on the eve of the local elections (part 1)",neutral,positive,neutral,negative,neutral,neutral,3,3,0.6,"NLPTown, Gemma",0.5,0.58
EPZviFoQ0xA,24 Open - What will improve the lives of citizens with the new fees?,neutral,positive,neutral,negative,neutral,neutral,3,3,0.6,"NLPTown, Gemma",0.5,0.58
9wzJdex8loM,How will the past and the future merge in Macedonian-Greek relations?,neutral,positive,neutral,negative,neutral,neutral,3,3,0.6,"NLPTown, Gemma",0.5,0.58
zp0AXZSpmZQ,In order to maintain dignity - Left with a new draft law on days of mourning,negative,positive,neutral,positive,positive,positive,3,3,0.6,"CardiffNLP, BERTweet",0.75,0.85
Wq_EARUjwIs,Stress - Agnus Dei | Sarah Pavlova,negative,positive,neutral,neutral,neutral,neutral,3,3,0.6,"CardiffNLP, NLPTown",0.65,0.85
lfzspbgB3VM,Mecinovic: Concrete monster in Gazi Baba will be built by companies close to Mickoski and SDSM,negative,positive,neutral,negative,negative,negative,3,3,0.6,"NLPTown, BERTweet",0.5,0.95
y-5SUSEmSAo,The EU granted Macedonia a conditional date for negotiations,neutral,positive,neutral,negative,neutral,neutral,3,3,0.6,"NLPTown, Gemma",0.55,0.85
Lu3HJlwWc04,European diplomats admit that the EU made a mistake that Macedonia did not start negotiations earlier,negative,negative,neutral,negative,positive,negative,3,3,0.6,"BERTweet, Llama",0.5,0.95
by0b5nejRTQ,"Mickoski: There is only one Macedonia, let's enter the EU with work and reforms",positive,negative,neutral,positive,positive,positive,3,3,0.6,"NLPTown, BERTweet",0.75,0.95
ecaqdRglJ7I,MEP Fleckenstein asked EU leaders to open accession negotiations with Macedonia,neutral,negative,neutral,neutral,positive,neutral,3,3,0.6,"NLPTown, Llama",0.7,0.95
1Nz4mX6GsWU,Podcast: Anti-corruption in courtrooms,negative,positive,neutral,neutral,neutral,neutral,3,3,0.6,"CardiffNLP, NLPTown",0.7,0.53
242yXGp5moQ,Tsipras expects the agreement to be implemented in our country,neutral,positive,neutral,negative,neutral,neutral,3,3,0.6,"NLPTown, Gemma",0.5,0.85
Jj5_Ycwn-ig,Pendarovski: Macedonia will not fail if we include the Bulgarians in the Constitution,positive,negative,neutral,positive,positive,positive,3,3,0.6,"NLPTown, BERTweet",0.75,0.95
yz2nIXw5M4A,"From an urban and humane point of view, people live with stress in Skopje Mishko Ralev, architect",neutral,positive,neutral,negative,neutral,neutral,3,3,0.6,"NLPTown, Gemma",0.5,0.58
4R43TX2g-3M,The Bulgarian MPs adopted the declaration for Macedonia,neutral,negative,neutral,neutral,positive,neutral,3,3,0.6,"NLPTown, Llama",0.7,0.95
HZQ4TYsd_hI,"""Double homicide is a collective trauma"": Trilling analyzes the psychological elements after the tragedy",negative,positive,negative,negative,neutral,negative,3,3,0.6,"NLPTown, Llama",0.7,0.85
_RTMtkuv91c,Negotiations continue in New York this afternoon,neutral,positive,neutral,negative,neutral,neutral,3,3,0.6,"NLPTown, Gemma",0.5,0.85
Z2B9JqJTtmw,"Tribune- ""Macedonia: The name is Motherland, and the Language is the soul of the Macedonians"".",neutral,negative,positive,positive,positive,positive,3,3,0.6,"CardiffNLP, NLPTown",0.85,0.95
OvxjHzaWgWM,"Zaharieva: Macedonia should recognize history, and Bulgaria should recognize the new reality",neutral,positive,neutral,negative,neutral,neutral,3,3,0.6,"NLPTown, Gemma",0.5,0.48
r5T1AMBCwB0,Mickoski from Brussels: No one has the right to dispute the Macedonian national identity,negative,negative,neutral,negative,positive,negative,3,3,0.6,"BERTweet, Llama",0.7,0.95
K7dLhHV8IDg,Zaev: I am sending a message of reconciliation and forgiveness for April 27,neutral,positive,neutral,negative,neutral,neutral,3,3,0.6,"NLPTown, Gemma",0.5,0.48
cedo4QFli3w,Bishop Agatangel called for a protest on Sunday in front of the EU headquarters in Skopje,neutral,positive,neutral,negative,neutral,neutral,3,3,0.6,"NLPTown, Gemma",0.7,0.85
2MuBcEy5o0A,"Top topic on your side: Constitutional amendments, early elections or a new political crisis?",neutral,positive,neutral,negative,neutral,neutral,3,3,0.6,"NLPTown, Gemma",0.5,0.85
ZJn4GGm3-s4,Kovacevski: We need unification for EU integration,neutral,negative,neutral,neutral,positive,neutral,3,3,0.6,"NLPTown, Llama",0.7,0.95
twpCCXwj6rM,"The government expects a ""French proposal +"" - Mickoski: To respect the rights of Macedonians in Bulgaria",neutral,negative,neutral,positive,neutral,neutral,3,3,0.6,"NLPTown, Gemma",0.7879,0.85
Wo9qFWlf5rg,Zaev: Europe has a duty to nurture our Macedonian identity,positive,positive,neutral,negative,positive,positive,3,3,0.6,"BERTweet, Gemma",0.5,0.95
WalEiZbkz6s,A family from Prilep has been fighting to prevent the demolition of their house for 15 years,negative,positive,negative,negative,neutral,negative,3,3,0.6,"NLPTown, Llama",0.7,0.85
Dh6ybs9C8KQ,EMOTIONAL TRIGGERS (What if someone upsets you?),negative,positive,neutral,neutral,neutral,neutral,3,3,0.6,"CardiffNLP, NLPTown",0.7,0.85
f8mh9-eoe9o,Macedonian diplomacy enters into conflict with Macedonians around the world,negative,positive,neutral,negative,negative,negative,3,3,0.6,"NLPTown, BERTweet",0.7,0.55
O-vxmD6Go3U,VMRO-DPMNE will submit a resolution on Bulgaria - SDSM: Macedonian identity is recognized,neutral,negative,neutral,positive,neutral,neutral,3,3,0.6,"NLPTown, Gemma",0.7879,1.0
az5oV-K_Azk,VMRO People's Party demands the rehabilitation of historical figures and events,neutral,positive,neutral,negative,neutral,neutral,3,3,0.6,"NLPTown, Gemma",0.5,0.85
MDpIWCsaiTQ,"Politiko: ""Bulgarian compromise"" for Macedonian language and identity based on Bulgarian foundations",neutral,positive,neutral,negative,neutral,neutral,3,3,0.6,"NLPTown, Gemma",0.7,0.85
xXrZjObDRRs,Germany expects the start of EU-Macedonia negotiations in December,negative,negative,neutral,negative,positive,negative,3,3,0.6,"BERTweet, Llama",0.5,0.95
fbnDYYxcjV0,Germany expects the start of EU-Macedonia negotiations in December,negative,negative,neutral,negative,positive,negative,3,3,0.6,"BERTweet, Llama",0.5,0.85
FoowhPiZ9Nk,Debate in Washington: EU should give North Macedonia a date for negotiations in June,neutral,neutral,neutral,negative,positive,neutral,3,3,0.6,"Gemma, Llama",0.53,0.85
IM32LH0f-9w,"Conversation with Ivan Nikolovski, president of the association of European federalists in Macedonia",negative,positive,neutral,neutral,neutral,neutral,3,3,0.6,"CardiffNLP, NLPTown",0.7,0.85
9tyxHeDNFU4,"Macedonia should start negotiations with the EU with dignity, as Macedonians with the Macedonian language",neutral,neutral,neutral,negative,positive,neutral,3,3,0.6,"Gemma, Llama",0.7,0.95
60kLyJg_ePY,Vedran: Hate speech should also be seen through the prism of collective trauma,negative,positive,neutral,neutral,neutral,neutral,3,3,0.6,"CardiffNLP, NLPTown",0.68,0.58
ha7yNsW35wU,Marsavelski on the judiciary: Radical reforms in Macedonia can bring risks,negative,positive,neutral,negative,negative,negative,3,3,0.6,"NLPTown, BERTweet",0.5,0.55
Xy-fTTDwuyA,"Message from the EU: If there are no constitutional changes in Macedonia, isolation is threatened",negative,negative,neutral,negative,positive,negative,3,3,0.6,"BERTweet, Llama",0.5,0.85
uPTzkIwdt9I,Ordanoski: An end has been put to a painful history of Macedonia,negative,positive,neutral,neutral,neutral,neutral,3,3,0.6,"CardiffNLP, NLPTown",0.68,0.53
GWQNX8UtQ9s,Derala: Stumbling on the road to the EU gives space to the hybrid attack on democratic institutions,negative,positive,negative,negative,neutral,negative,3,3,0.6,"NLPTown, Llama",0.5,0.56
J33W0uyvxuo,Server for Kanal 5: Bulgarian demands for Macedonia are offensive,negative,neutral,neutral,positive,neutral,neutral,3,3,0.6,"CardiffNLP, Gemma",0.78,0.85
iDU0E4HPP6g,Brock: Membership in the EEC is with the ultimate goal of integration with the EU,neutral,negative,positive,neutral,neutral,neutral,3,3,0.6,"NLPTown, BERTweet",0.7,0.85
lyJVdfUv5QY,Aleksandar Spasov: Let's become attractive to people instead of blaming political radicals,negative,positive,neutral,positive,positive,positive,3,3,0.6,"CardiffNLP, BERTweet",0.85,0.85
hdI2UStSqH8,Loud and clear: the government claims that it will reduce it,neutral,positive,neutral,negative,neutral,neutral,3,3,0.6,"NLPTown, Gemma",0.7,0.85
84-lYdFjPiA,"""Weimar troika"": Without constitutional changes, there is a risk of separation of Macedonia and Albania",negative,positive,neutral,neutral,neutral,neutral,3,3,0.6,"CardiffNLP, NLPTown",0.78,0.85
dqwqSHbT6JY,Europat - The European x-ray of the Macedonian reforms showed a moderate diagnosis with chronic problems,negative,positive,neutral,neutral,neutral,neutral,3,3,0.6,"CardiffNLP, NLPTown",0.68,0.85
7fAgWtD0dP4,Prespa Institute: Bulgaria was the most politically present in Macedonia,positive,negative,neutral,neutral,neutral,neutral,3,3,0.6,"CardiffNLP, NLPTown",0.7,0.85
HY1hLnnra-c,Bieber: I see Zaev's resignation as a message to the EU about blocked European integration,positive,negative,neutral,neutral,neutral,neutral,3,3,0.6,"CardiffNLP, NLPTown",0.7,0.48
9aJKTharwzA,Tupanchevski expects the perception of the judiciary to improve only if there are verdicts for serious crimes,neutral,neutral,neutral,negative,positive,neutral,3,3,0.6,"Gemma, Llama",0.6,0.85
x3cTiElCr4o,MACEDONIA IN COLLECTIVE TRAUMA - HOW TO HEAL THE WOUNDS AFTER THE TRAGEDY IN KOCANI?,negative,positive,neutral,negative,negative,negative,3,3,0.6,"NLPTown, BERTweet",0.5,0.55
vru2pl4DIMg,(VIDEO) London orders the parties to overcome their differences on the issue of constitutional amendments,negative,positive,neutral,neutral,neutral,neutral,3,3,0.6,"CardiffNLP, NLPTown",0.65,0.85
xXaRGLunHU0,Maricic: The methodology for purifying the judiciary will be approved by the end of the year,negative,positive,neutral,positive,positive,positive,3,3,0.6,"CardiffNLP, BERTweet",0.78,0.85
YLY_ggZCxVo,Radev announced the possibility of lifting the Bulgarian veto!?,neutral,negative,neutral,positive,neutral,neutral,3,3,0.6,"NLPTown, Gemma",0.78,0.48
nq6f0FZXJD4,Studio 1 analysis – Is Macedonia entering a new cycle of political crisis?,negative,positive,negative,negative,neutral,negative,3,3,0.6,"NLPTown, Llama",0.5,0.85
KM2txtP4rp0,"The songs and music are over, Macedonia is waiting for serious work for integration into NATO and the EU",neutral,negative,neutral,positive,neutral,neutral,3,3,0.6,"NLPTown, Gemma",0.85,0.85
XI_heZpp9Wg,"If constitutional amendments were a condition for EU membership, Macedonia should have been the best member of the EU.",negative,neutral,neutral,neutral,positive,neutral,3,3,0.6,"CardiffNLP, Llama",0.45,0.95
ldMqME5Qw_g,Mickoski: I am ready to renegotiate the Prespa Agreement,positive,negative,neutral,neutral,neutral,neutral,3,3,0.6,"CardiffNLP, NLPTown",0.7,0.85
K29tH9nLz80,Rock Blackblock restored and expanded the Neus Katala mural,negative,positive,neutral,positive,positive,positive,3,3,0.6,"CardiffNLP, BERTweet",0.78,0.95
pCRKo1rAf1U,"Tiganj: North Macedonia implemented painful reforms, deserves to open negotiations for EU membership",negative,negative,neutral,negative,positive,negative,3,3,0.6,"BERTweet, Llama",0.5,0.85
RpU_9bGqfG4,Mogherini once again called on the EU members to open negotiations with Macedonia,neutral,negative,neutral,neutral,positive,neutral,3,3,0.6,"NLPTown, Llama",0.7,0.95
u4Q929yFH6k,Top Topic - The EU will spend 150 billion euros on armaments - will Macedonia take anything?,neutral,positive,neutral,negative,neutral,neutral,3,3,0.6,"NLPTown, Gemma",0.75,0.85
EKyjlo6kGsA,"The CEO of Romalitico, Suad Skenderi, guest in the program ""Jasno i Glasno"" on Kanal5",negative,positive,negative,negative,neutral,negative,3,3,0.6,"NLPTown, Llama",0.5,0.85
K0frYGwKBoQ,"The veto is not our fault, we hope that the damage done will be overcome soon, says Zaev",positive,negative,neutral,neutral,neutral,neutral,3,3,0.6,"CardiffNLP, NLPTown",0.78,0.55
95vktwSZoVM,"Trilling - For the Macedonian-Bulgarian compromise to be effective, both sides must be satisfied",negative,positive,neutral,neutral,neutral,neutral,3,3,0.6,"CardiffNLP, NLPTown",0.7,0.58
EH3_H0X-lqA,"Macedonia is a legal state, reconciliation does not mean an intrusion into the justice system",negative,neutral,neutral,neutral,positive,neutral,3,3,0.6,"CardiffNLP, Llama",0.74,0.85
ZQcVmbx3wf8,"Jaklina Paunova Andjelkovic: Kočani is in mourning, we have a collective trauma and sadness, we demand responsibility!",negative,positive,neutral,negative,negative,negative,3,3,0.6,"NLPTown, BERTweet",0.5,0.95
oFP3J9K4DyA,Second economic forum in Skopje - Macedonia must work on reforms,neutral,positive,neutral,neutral,negative,neutral,3,3,0.6,"NLPTown, Llama",0.7,0.5
OL2td-y6A-c,Psychologists appeal to all those who need to seek psychological help,negative,positive,neutral,positive,positive,positive,3,3,0.6,"CardiffNLP, BERTweet",0.85,0.95
WtTwdPUBuS4,A delegation from Gothenburg shared experiences of dealing with collective trauma after the fire in Kočani,negative,positive,neutral,neutral,neutral,neutral,3,3,0.6,"CardiffNLP, NLPTown",0.7,0.85
jT_Vd3IF_-8,"Stoltenberg: There is no plan B for Macedonia, resolving the name, then NATO",neutral,negative,neutral,neutral,positive,neutral,3,3,0.6,"NLPTown, Llama",0.7,0.85
k1EQJhCjyiw,Andonovic: Political crisis in Montenegro - The Deputy Prime Minister overthrows the Prime Minister,negative,negative,neutral,negative,positive,negative,3,3,0.6,"BERTweet, Llama",0.5,0.95
GFwrfNxaSXw,Interview for the Macedonian minority in Albania with Nikola Đurđaj,negative,positive,neutral,negative,negative,negative,3,3,0.6,"NLPTown, BERTweet",0.5,0.55
DMZmEdg4AGk,"Arsovski: Instead of actions leading to the EU, we moved away from the EU",neutral,negative,neutral,positive,neutral,neutral,3,3,0.6,"NLPTown, Gemma",0.75,0.85
7V5Uio9F8o0,How to overcome stress from unwanted situations?,negative,positive,negative,negative,neutral,negative,3,3,0.6,"NLPTown, Llama",0.6,0.85
qBU8DNAafoM,Mickoski from Brussels: No one has the right to dispute the Macedonian national identity,negative,negative,neutral,negative,positive,negative,3,3,0.6,"BERTweet, Llama",0.7,0.95
9ydCZ6s4GZ8,A five-year investigation into corruption at the Faculty of Security,negative,positive,neutral,negative,negative,negative,3,3,0.6,"NLPTown, BERTweet",0.75,0.95
5VI03VQlpY4,And gender identity is important!,negative,positive,neutral,positive,positive,positive,3,3,0.6,"CardiffNLP, BERTweet",0.75,0.85
NHAXZL3mw-s,Children copy a system of impunity (Web version),negative,positive,negative,negative,neutral,negative,3,3,0.6,"NLPTown, Llama",0.5,0.6
qyI0v1jxeik,Conversation with Stojan Bajraktarov - Is there a cure for collective grief,neutral,positive,neutral,negative,neutral,neutral,3,3,0.6,"NLPTown, Gemma",0.5,0.85
WzGs0ic6mQA,Event of 2018: Prespa agreement and referendum,neutral,positive,neutral,negative,neutral,neutral,3,3,0.6,"NLPTown, Gemma",0.5,0.85
GY_MseQwwzo,"Tsarovska, press for the Prespa agreement - journalistic questions",neutral,positive,neutral,negative,neutral,neutral,3,3,0.6,"NLPTown, Gemma",0.55,0.85
FZXDZVOiy7c,"The former president of the Court of Appeal, Jordan Mitrinovski, is still ""searching"" for justice",neutral,positive,neutral,negative,neutral,neutral,3,3,0.6,"NLPTown, Gemma",0.53,0.85
EnKY5MmaYvg,Aleksandar Stankov digitizes psychology with RelaxifyApp I New Biz Podcast 33,negative,positive,neutral,neutral,neutral,neutral,3,3,0.6,"CardiffNLP, NLPTown",0.68,0.85
QretokZE-UM,Germany is pushing the European Union to abolish the veto power,neutral,negative,neutral,positive,neutral,neutral,3,3,0.6,"NLPTown, Gemma",0.65,0.85
osiHmfH-51Y,"Spirovska on ""Peachpitch"" about the Colorful Revolution, stress and a stiff jaw",negative,positive,neutral,neutral,neutral,neutral,3,3,0.6,"CardiffNLP, NLPTown",0.45,0.85
YvjDtjCAdJE,Glassburn: Stress and expectations are the biggest contributors to anxiety,negative,positive,negative,negative,neutral,negative,3,3,0.6,"NLPTown, Llama",0.7,0.85
IJrEyRFrZA4,"""Stress and air pollution as risk factors for breast cancer"" - Interview",negative,positive,negative,negative,neutral,negative,3,3,0.6,"NLPTown, Llama",0.55,0.85
2mcyLCbRlMk,Access to justice for marginalized communities,neutral,positive,negative,positive,positive,positive,3,3,0.6,"CardiffNLP, BERTweet",0.75,0.95
xbR9rIvpnRQ,"""Sparks"" in the tenth parliamentary composition - Jeton Shaqiri proposal of DUI for minister of MIOA",neutral,positive,neutral,negative,neutral,neutral,3,3,0.6,"NLPTown, Gemma",0.55,1.0
odeM3Hbz7Sw,"Announcement 360° (29 May 2025) - Is the EP report with ""Macedonian identity"" a step towards constitutional changes",neutral,positive,neutral,negative,neutral,neutral,3,3,0.6,"NLPTown, Gemma",0.6,0.85
ZiUcIkT1vZg,VMRO-DPMNE of the Central Committee builds a position on the current political crisis,neutral,positive,neutral,negative,neutral,neutral,3,3,0.6,"NLPTown, Gemma",0.55,0.85
GpnD4FAZ-EE,The several crises exposed citizens to continuous toxic stress,negative,positive,neutral,positive,positive,positive,3,3,0.6,"CardiffNLP, BERTweet",0.85,0.95
hyyAztKUPdQ,Impact of the pandemic on parental stress. Part 4: Why is stress management important?,negative,positive,neutral,neutral,neutral,neutral,3,3,0.6,"CardiffNLP, NLPTown",0.7,0.85
MaQeVEB7sAU,"How does stress, sadness and pain affect our mental and physical health?",negative,positive,neutral,neutral,neutral,neutral,3,3,0.6,"CardiffNLP, NLPTown",0.7,0.85
YbipIjms2Do,Impact of stress on heart health,negative,positive,neutral,neutral,neutral,neutral,3,3,0.6,"CardiffNLP, NLPTown",0.7,0.85
ItS9q3JasnY,An appeal to preserve the Macedonian identity,negative,positive,neutral,positive,positive,positive,3,3,0.6,"CardiffNLP, BERTweet",0.85,0.95
D_vo40hSJQ4,Nurses work under stress and need psychological support,negative,positive,neutral,negative,negative,negative,3,3,0.6,"NLPTown, BERTweet",0.5,0.55
oEXDEyA8zhk,Action controls of the police continue,neutral,positive,neutral,negative,neutral,neutral,3,3,0.6,"NLPTown, Gemma",0.55,1.0
68KPMtEtFHY,"Psychiatrists advise employees not to ""burn out"" in the workplace",negative,positive,neutral,neutral,neutral,neutral,3,3,0.6,"CardiffNLP, NLPTown",0.7,1.0
dEI6rCIrnyc,The relations between Skopje and Sofia have brought the Croatian state leadership into conflict,negative,positive,negative,negative,neutral,negative,3,3,0.6,"NLPTown, Llama",0.7,0.85
e72pCF6wjLA,Vankovska: We need a completely new Constitution. The only question is whether there is political will?,negative,negative,neutral,negative,neutral,negative,3,2,0.6,"BERTweet, Llama",0.47,0.56
iT_D1sTv5Xs,The name MACEDONIA is the oldest state name in Europe,neutral,positive,neutral,positive,positive,positive,3,2,0.6,"CardiffNLP, BERTweet",0.85,0.95
il_nOsikLXA,Protest against constitutional amendments in front of the Parliament of Macedonia,neutral,negative,negative,negative,neutral,negative,3,2,0.6,"CardiffNLP, Llama",0.5,0.85
AerX-Lc5_A4,24 analysis - Did Macedonia pay too high a price for European integration?,negative,negative,neutral,negative,neutral,negative,3,2,0.6,"BERTweet, Llama",0.5,0.58
vfjZeNGEjVM,Russian intelligence agents between Macedonia and NATO,negative,negative,neutral,negative,neutral,negative,3,2,0.6,"BERTweet, Llama",0.55,0.88
551Dj7UEOjY,Angelovski: The biggest consequence of misinformation is the reduction of trust in institutions,negative,negative,neutral,negative,neutral,negative,3,2,0.6,"BERTweet, Llama",0.5,0.58
gjqYcYLICFI,"Apasiev: The veto from Bulgaria is a direct consequence of the Prespa Agreement, and Zaev is to blame for that!",negative,neutral,neutral,negative,neutral,neutral,3,2,0.6,"CardiffNLP, Gemma",0.5,0.68
YJrFnTl06cI,How is life in Macedonia?😃🇲🇰,positive,positive,positive,negative,negative,positive,3,2,0.6,"Gemma, Llama",0.5,0.8
lt6AUJUFPps,"Trendafilov: Macedonian Bulgarians don't trust the system, that's why they don't complain to the institutions",negative,negative,neutral,negative,neutral,negative,3,2,0.6,"BERTweet, Llama",0.5,0.68
