title_description_en,pred_cardiff_xlm_en,pred_bertweet_en_3cls,pred_nlptown_en_3cls,majority_label_mk,disagreement_type_mk
"Bulgarian MFA: Our position towards Macedonia will not change — Macedonia is ready to solve the problem with Bulgaria, but even I, as the Prime Minister, do not know what the problem is - Prime Minister Zaev said today after the last messages from official Sofia. Follow Kanal5 on...",neutral,neutral,negative,neutral,neutral_negative
"""The failure of Macedonia and Albania to start negotiations with the EU threatens the stability of the region"" ",negative,negative,positive,negative,polarized
"BESA will demand constitutional amendments for rights for Albanians when voting on the agreement with Greece — Follow Kanal5 on... If the constitutional amendments for the agreement with Greece are voted on in the assembly, Besa Na Kasami announces that she will demand greater rights for the Albanians.",neutral,neutral,negative,neutral,neutral_negative
"Zaev: Either constitutional amendments or early elections — Prime Minister Zoran Zaev addressed the press center of the ""Coalition FOR European Macedonia"" tonight. He said that if there is not a two-thirds majority in the Parliament, early elections will be held until the end of November.",neutral,neutral,negative,neutral,neutral_negative
Statement by Violeta Achkovska 03/08/2020,neutral,neutral,negative,neutral,neutral_negative
"The government denies that it received a ""French proposal"" Milososki demands that the document be submitted to the Parliament — Follow TV21 on... • Phone: 02/313-5630",neutral,neutral,negative,neutral,neutral_negative
MEP Fleckenstein asked EU leaders to open accession negotiations with Macedonia,neutral,neutral,negative,neutral,neutral_negative
Six MPs from VMRO DPMNE are negotiating for constitutional amendments?,neutral,neutral,negative,neutral,neutral_negative
Zaev: Macedonia is not to blame for the Bulgarian veto,negative,neutral,negative,negative,neutral_negative
"Peer violence, how to recognize and prevent it, where society evades 1 — Peer violence, how to recognize and prevent it, where society evades Angie Nikoloska 05/22/2024 Is ""the little boy out of paradise""? Does the teacher-student-parent-institution chain work to create a healthy cell in society? Which child faced more trauma, the child perpetrator or the child victim? When it comes to peer violence, awareness is at a higher level than before, but despite numerous campaigns and programs, the number of registered cases of peer violence is constantly growing. ""I decide, therefore I exist"", the motto with which the first children's embassy in the world, Medgjasi, comes out with yet another initiative for the protection of children's rights. Cooperation with the Ombudsman, municipalities, and also kindergartens and schools will strengthen the capacities at the individual and institutional level, through the inclusion of children in the decision-making process itself. Going in the direction of understanding the weak points in order to overcome the culture of violence that reigns in society. ""The cooperation with the mayors is good, they show a proactive interest, the children do not want to be disappointed, I don't know how many times, by those who really need to make a change in the community. They are here to be part of the change, to participate in the process. They do not want to be a decoration of any executive authority, but they want to be active creators, agents of change."" - says Draghi Zmijanac, director of the first children's embassy in Međiși. To overcome the humane and inhumane treatment of child delinquency in the community, the family has a significant role, and systemic support is also inevitable. Psychologists, professors and students, in yesterday's debate on TV 24, made an appeal that adults should talk to children more often and fulfill their needs, because children do not need to have their wishes fulfilled, but to receive support and love. Although the finger should not be pointed at the parents, those who know the problem claim that everything originates from the family. Responsibility lies with all links of the chain. Young people are looking for building a base of values, towards which everyone can act and build their relationships and communication based on that base.",negative,neutral,positive,no_majority,neutral_positive
Zaharieva gave a new reason for the veto - Zaev no longer knows what we should decide with Bulgaria — Follow Sitel Television on...,neutral,neutral,negative,neutral,neutral_negative
"Channel 5 with details about the Proposal - the negotiating framework of Macedonia with the EU — Part of the French proposal, apart from the draft conclusions of the EU council for the meeting next week, is also the draft negotiation framework. Channel 5 publishes details of the draft negotiation framework with the EU. Follow Kanal5 on...",neutral,neutral,positive,neutral,neutral_positive
What would it mean to insert the Bulgarian demands into the negotiating framework of Macedonia? — Neither the Government nor the Ministry of Foreign Affairs has an answer to the questions whether there has been any progress in the negotiations with Bulgaria and whether it is acceptable for them to include all Bulgarian demands in the negotiation framework for Macedonia. Follow Kanal5 on...,neutral,neutral,negative,neutral,neutral_negative
The government announced the latest French proposal — Follow Sitel Television on...,neutral,neutral,negative,neutral,neutral_negative
Is Albania becoming an obstacle for the start of negotiations between Macedonia and the EU?,negative,neutral,negative,negative,neutral_negative
Bulgaria put the first veto - is there still hope for negotiations? — Follow Sitel Television on...,neutral,neutral,negative,neutral,neutral_negative
"EC: There are no guarantees whether Macedonia can become a member of the EU by 2030 — The debate on the constitutional amendments will start before the summer, said in Brussels the Vice Prime Minister for European integration Bojan Maricic, who participated in the beginning of the screening for the cluster 4 dedicated to the green agenda. Follow Kanal5 on...",neutral,neutral,negative,neutral,neutral_negative
FOR AND AGAINST THE FRENCH PROPOSAL 04 07 2022,neutral,neutral,negative,neutral,neutral_negative
Representatives of the Bulgarian associations at a meeting with Ottomans — Follow Sitel Television on...,neutral,neutral,negative,neutral,neutral_negative
"Kosovo has signed the EU membership application — The heads of Kosovo's institutions signed an application for Kosovo's membership in the European Union (EU). At the ceremony held in the Presidency of Kosovo, the application was signed by the President Vjosa Osmani, the President of the Assembly Glauk Konjufca and the Prime Minister Albin Kurti. news kosovo",neutral,neutral,negative,neutral,neutral_negative
What does Radev ask Macedonia to fulfill in order for Bulgaria to lift the veto? — Follow Sitel Television on...,neutral,neutral,negative,neutral,neutral_negative
Clear and Loud When will we breathe clean air?,neutral,neutral,positive,neutral,neutral_positive
Vucic: It is unlikely that Macedonia and Albania will get a date for negotiations with the EU — Follow Kanal5 on... Serbian President Aleksandar Vucuc said that Macedonia will probably not get a date for the start of negotiations with the EU.,negative,neutral,negative,negative,neutral_negative
Nikoloski: Macedonia will not start negotiations with the EU because there are no reforms and the group with Albania — Follow TV21 on... • Phone: 02/313-5630,neutral,neutral,negative,neutral,neutral_negative
The EU before the decision to start negotiations with Macedonia,neutral,neutral,negative,neutral,neutral_negative
"VMRO-DPMNE protest in support of ""EU membership, for Macedonia and for Gotse Delchev"" — Follow Kanal5 on... VMRO - DPMNE is organizing a protest rally today, as announced, in support of membership in the European Union, for Macedonia and for Gotse Delchev.",neutral,neutral,negative,neutral,neutral_negative
"Top Topic on Your Page: What are the expectations from the NATO Summit (07/09/2018) — Two key events related to the country's strategic foreign policy priorities. In two days, Macedonia is expected to receive an invitation for the start of accession talks for NATO membership, a previously conditional date for the start of negotiations with the EU. Tonight in Top Topic on your side, a look at the expectations from the NATO Summit and an interview with the first Minister of Defense Dr. Trajan Gotcevski. We project the time frame for the processes that follow in the EU, and what are the perspectives of the agreement for the name interview with the MEP from Greece - Stelios Kouloglu.",neutral,neutral,positive,neutral,neutral_positive
"Macedonia and Greece signed an agreement for the future in Psarades — The Macedonian delegation, led by Prime Minister Zaev, sailed into the small harbor at 10:55 a.m. by speedboat, which led to the great act of signing the agreement with Greece.",positive,neutral,positive,positive,neutral_positive
"Stress - Agnus Dei | Sarah Pavlova — Series 3, Topic 3: ""Stress"" We live in a dynamic society where it is almost impossible for anyone to say that they do not face stressful situations. The dynamics in which we live impose that way of life on us. It is no longer a question of whether we face stress, either at school, college or at work. The question is how do we manage or fail to deal with that stress? Find out in a short conversation with Sara Pavlova how you too can deal with the daily stress in your life. In 1 Peter 5:7 it says: ""Cast all your cares on Him, because He cares for you!"". Agnus Dei is a Christian non-governmental organization in Macedonia, which exists in order to share the Gospel of Jesus Christ with the young population. Our mission is to position the message of the Gospel exactly where young people spend their time the most - online, thereby building bridges that will bring people to the love and hope that we find in Jesus Christ. The online experience and content that young people in Macedonia absorb pollutes their minds. It unknowingly introduces wrong moral values ​​to young people. It is necessary to bring in a message of hope and to share the message of the Gospel on a wider level. Many psychological studies show that the content they absorb affects their thought process. Therefore, our vision is to contribute to change this situation in Macedonia. Through the direct message of the Gospel, we strive to encourage young people to start thinking about their spiritual life, and to know the truth about the Gospel and about who Jesus Christ is. Our hearts are touched and we pray that our God will open your hearts to the good news of the Gospel.",negative,neutral,positive,no_majority,neutral_positive
"""55 YEARS OF MACEDONIAN DIPLOMACY"" - DIPLOMACY - NATIONAL IDENTITY OF EVERY COUNTRY",negative,negative,positive,negative,polarized
"On the evening when the ""Prespa Agreement"" was signed, this is what happened in front of the Parliament — Historical archival video materials.",neutral,neutral,negative,neutral,neutral_negative
"Sofia will approve the start of negotiations if it receives legal guarantees — We were extremely well-intentioned and most of all our neighbors wanted Macedonia to join the EU, but Skopje did not show enough commitment, said Bulgarian Prime Minister Borissov, a day after the Bulgarian veto of the negotiating framework for the country. Follow Kanal5 on...",negative,neutral,negative,negative,neutral_negative
"Hurricanes, earthquakes, floods, political ""calculations"" - the world in 2019",negative,neutral,positive,no_majority,neutral_positive
"24 Analysis - What did the drama with Sasho Mijalkov show? — What did the drama with Sasho Mijalkov show? That the state is strong or that the state is a theater? Do citizens have rights when they do not trust the judicial authorities and political influence? How will reporting Mijalkov affect the public? At the same time, the parliamentary group of SDSM is small in the Parliament, and the pressure on Mickoski to step down from the leading position in the party is increasing. They debated these issues with Petar Bogojeski from Macedonian Concept and with the communicator, Marko Troshanovski.",negative,neutral,negative,negative,neutral_negative
VMRO-DPMNE decides whether it will actively block the Parliament — VMRO-DPMNE announces a new active blockade of the Parliament and protests. Follow Kanal5 on...,neutral,neutral,negative,neutral,neutral_negative
"Difficult conversation of the Bulgarian Prime Minister with BBC journalist Steven Sakur (VIDEO) — ""Let's be honest, ethnic Macedonians don't have those rights in Bulgaria either. In fact, the European Court of Human Rights had more cases on that basis than for the Bulgarians in Macedonia, said Bulgarian Prime Minister Petkov in an interview with the BBC. Follow Kanal5 on...",negative,neutral,negative,negative,neutral_negative
Maricic: Only with concrete results can we restore trust in the institutions,positive,neutral,neutral,neutral,neutral_positive
Macedonia and Greece signed the name agreement in Prespa,neutral,neutral,positive,neutral,neutral_positive
Mickoski claims that Prespa is a RIGHTS AGREEMENT — Mickoski's twilight,neutral,neutral,negative,neutral,neutral_negative
Top Topic - The EU will spend 150 billion euros on armaments - will Macedonia take anything?,neutral,neutral,positive,neutral,neutral_positive
Zevzekmania Prespa agreement number 2 — Follow Kanal5 on...,neutral,neutral,positive,neutral,neutral_positive
FOODS RICH IN MELATONIN - INTERVIEW WITH TATIANA PAVLOVA - NUTRITIONIST,neutral,neutral,positive,neutral,neutral_positive
Reforms in the security services are important in the process of Macedonia's integration into the EU,neutral,positive,positive,positive,neutral_positive
"Tsipras is decisive: There is no agreement on the name without a change in the constitution - Macedonia is in a hurry, not Greece",negative,neutral,negative,negative,neutral_negative
EC: The revised French proposal enables the start of negotiations with the EU,positive,neutral,positive,positive,neutral_positive
Tsipras: We have made it clear that we are negotiating based on the four names proposed by Nimitz — Follow Kanal5 on... Alexis Tsipras cleared up the dilemmas.,neutral,neutral,positive,neutral,neutral_positive
"24 analysis - Is Macedonia threatened with a constitutional and political crisis? — Without constitutional amendments, there are no membership negotiations. The President of the EC with a final message in Skopje. He says, the choice is yours, all parties have responsibility for the future of the country. Can von der Leyen's visit change the cemented positions of the Macedonian opposition bloc? The vote in the Parliament will show who is for and who is against the EU, says Prime Minister Kovacevski. Mickoski expects an unconditional start of negotiations with the EU. Bidding has begun with election dates. VMRO-DPMNE seeks dual, presidential and parliamentary. If the constitutional amendments are approved, elections will be held immediately - says the government. Is Macedonia threatened with a constitutional and political crisis? Aleksandar Krzhalovski, political analyst, Imer Selmani, former official and candidate for the president of the country, and Marjan Gjorchev, ex-MP and diplomat, are debating.",negative,neutral,negative,negative,neutral_negative
Osmani: Expectations are optimistic that Macedonia will start accession negotiations with the EU in June,positive,positive,neutral,positive,neutral_positive
Kammenos gave an ultimatum to Tsipras for an agreement on the name,neutral,neutral,negative,neutral,neutral_negative
Grade VIII - Civic education - What is identity and how it is built,neutral,neutral,positive,neutral,neutral_positive
Macedonian diplomacy enters into conflict with Macedonians around the world,negative,neutral,positive,no_majority,neutral_positive
"We are Macedonians with a Macedonian identity, there is no need for any memoranda for that",neutral,neutral,negative,neutral,neutral_negative
Impact of stress on heart health,negative,neutral,positive,no_majority,neutral_positive
Does the case of the nine-month-old baby with tuberculosis reveal system anomalies? — Follow Sitel Television on...,neutral,neutral,negative,neutral,neutral_negative
"Negotiations continue in New York this afternoon — In the negotiations, we are not going to give something, but we are going to take back something that was given 70 years ago, Greek Prime Minister Alexis Tsipras said today from Thessaloniki, after the meeting with Thessaloniki's mayor, Yannis Butaris. ",neutral,neutral,positive,neutral,neutral_positive
Timonie: The country risks falling into a new political crisis if the presidential elections fail,negative,negative,neutral,negative,neutral_negative
"SCAN: Census the Macedonian way, between statistics and politics — The population and household census, instead of being a statistical operation, is politicized and misused for political purposes and deterioration of inter-ethnic relations. In this edition of the political video magazine - SKEN, the most important events and attitudes related to the topic: Census 2021, i.e. the real need and method of conducting the census, as opposed to manipulations and political abuses, have been moved. The Assembly, with 62 votes ""for"", no ""against"" and ""abstentions"", adopted the Law on Census of Population and Households on January 21, according to which the census will be held in April this year. The hearing ended on January 15, when there was no quorum for voting. The deputies of VMRO-DPMNE were not in the hall for the voting and are currently collecting signatures from the citizens for the annulment of this law. The census law will be implemented from April 1 to 21, it will be carried out in the language chosen by the person taking the census or the person providing the data. Also, the law provides for a fine in the amount of 200 to 300 euros in Denar equivalent value for an offense against a natural person if he refuses to provide the data required of him for the Census or if he provides incorrect data. Production: Civil Media, February, 2021",neutral,neutral,negative,neutral,neutral_negative
Quchuk: A Bulgarian veto for Macedonia would be a big mistake — Follow Sitel Television on...,negative,neutral,negative,negative,neutral_negative
Kozias: Greece will submit a draft agreement with 4 points to Macedonia — Follow Kanal5 on...,neutral,neutral,negative,neutral,neutral_negative
"Germany expects the start of EU-Macedonia negotiations in December — Follow Kanal5 on... For Germany and the entire Berlin process, it would be a failure if Macedonia does not start negotiations by the end of the year, and we are doing everything in our power to make that happen - says the German ambassador to the country, Anke Holstein.",negative,neutral,negative,negative,neutral_negative
Zaev from the EP in Strasbourg: I ​​feel a European Macedonia,neutral,neutral,negative,neutral,neutral_negative
"Urgent admission for Ukraine, veto for Macedonia - Bulgaria's double standards",negative,negative,positive,negative,polarized
"In order to maintain dignity - Left with a new draft law on days of mourning — Press conference of the MP from the Left, Amar Mecinović, on the occasion of the new proposal of the parliamentary group of the Left to eradicate inappropriate and unethical behavior during days of mourning: ""The initiative stems from the need for a dignified, correct and fair arrangement of this sensitive matter. We believe that every society should set a framework for how to behave in moments of collective tragedy and pain. In the current legal framework, there is a serious legal vacuum when it comes to the arrangement of the days of mourning. Although the Government has the authority to declare days of mourning, as the Law on the flag provides for it to be put at half-mast - there are no clear rules or sanctions for disrespecting this act. We often see abuse of the tragedy through sensational media appearances, and the politicization of the days of mourning in Kočani, in which 60 of our citizens lost their lives - is a painful reminder of how important this matter is and that it is necessary to regulate it by law. With this draft law, we ask for the establishment of a clear, fair and dignified system for celebrating days of mourning in order to show respect, solidarity and build a culture of collective empathy in the country. This law offers the following: definition and criteria for declaring days of mourning on the basis of the scope and seriousness of the tragic event, which authority carries out the decision, in which period and in what manner; obligations for the setting of flags at half mast, the postponement of the manifestations that are not appropriate for the situation. This is in order to prevent insults, inappropriate use of the public space and political profiteering expression and private behavior, but it refers to the state, institutional, public work in those domains. This is also an invitation for all political parties and social actors to get involved and give an opinion on this sensitive matter for which we think we will find broad support in the Parliament. Among other things, this decision of ours comes on the basis of communication with media workers and with workers in the institutions dignity.""",negative,neutral,positive,no_majority,neutral_positive
"Concerts for 50,000 euros will reflect the contemporary Macedonian identity at EXPO in Belgrade",neutral,neutral,positive,neutral,neutral_positive
"In Bulgaria, without much fuss about the new French proposal — Completely preoccupied with the case of the mass expulsion of Russian diplomats, the topic of the new French proposal in Bulgaria passes without serious reactions. Follow Kanal5 on...",negative,neutral,negative,negative,neutral_negative
Kozias: We continue with the negotiations,neutral,neutral,positive,neutral,neutral_positive
"Nikoloski: Macedonia deserves a date for negotiations with the EU, citizens must not be held hostage... — Nikoloski: Macedonia deserves a date for negotiations with the EU, citizens must not be held hostage to Zaev's failures Statement by Aleksandar Nikoloski from Paris, vice-president of VMRO-DPMNE, 07.12.2021",negative,neutral,negative,negative,neutral_negative
"The parties ""take off"" on the eve of the pre-election campaign — At the campaign that has not officially started, the politicians are in full swing with party activities. And today, the government and the opposition exchanged political messages from various events. Follow Kanal5 on...",neutral,neutral,negative,neutral,neutral_negative
"Rute: The chances of reaching a solution for removing the Bulgarian veto for Macedonia are 50-60 percent — Dutch Prime Minister Mark Rutte, before the start of the European Summit in Brussels, expressed concern about the Bulgarian blockade of Macedonia, and thus of Albania. Follow Kanal5 on...",neutral,neutral,negative,neutral,neutral_negative
Zaharieva: Macedonia can start negotiations for EU membership by July,neutral,neutral,negative,neutral,neutral_negative
Topic of the day: What does Macedonia gain and what does it lose with the French proposal? ,neutral,neutral,positive,neutral,neutral_positive
Event of 2018: Prespa agreement and referendum,neutral,neutral,positive,neutral,neutral_positive
"Risto Nikovski guest in ""Morning with Zlatev"" - The latest developments in events with Bulgaria — The guest is the long-time diplomat, Risto Nikovski, the topic is the latest developments in events with Bulgaria.",neutral,neutral,positive,neutral,neutral_positive
"According to the British ambassador, citizens' trust in the institutions is important",neutral,positive,positive,positive,neutral_positive
On the eve of the summit for the Western Balkans - Macedonia and Bulgaria are still without an agreement,negative,neutral,negative,negative,neutral_negative
Topic of the day – How will the opposition be positioned after the modified French proposal? — Follow Sitel Television on...,neutral,neutral,positive,neutral,neutral_positive
Mickoski from Brussels: No one has the right to dispute the Macedonian national identity,negative,neutral,negative,negative,neutral_negative
"""I don't expect a big political crisis,"" says Kekenovski — Phone: 02 313 5630 Youtube: TV21 OFFICIAL",neutral,neutral,negative,neutral,neutral_negative
What does the inclusion of Bulgarians in the Macedonian Constitution mean in practice? — Follow Sitel Television on...,neutral,neutral,negative,neutral,neutral_negative
Mickoski's statement on the constitutional amendments,neutral,neutral,positive,neutral,neutral_positive
"Ageler: Macedonia's prosperity and security lies in its accession to the EU — It is not for me to speak about how the process of constitutional amendments is going, but I believe that the prosperity and security of Macedonia lies in its accession to the European Union. Follow Kanal5 on...",neutral,positive,positive,positive,neutral_positive
"Eternal God - third version with Antonia, Lambe and Golden Nightingale — With the greatest love and trust, we present to you the music video for the third version of ""Eternal God"", recorded in January 2023, directed by Dejan Projkovski, Goran Naumovski - director of photography and Stojan Stojanovski - camera and editing, and performed by Antonia Gigovska, Lambe Alabakovski and Zlatno svejche. We created a work that should attract the attention of a new generation of children, to whom we have a sacred duty to pass on our Orthodox tradition of celebrating Christmas Eve and Christmas, the way our ancestors left it to us. The simplicity of the setting and the modest table in the video bear witness to the true values ​​of the Christian and for a moment free our senses from the overcrowding of everyday life, so that we can feel Christmas in our hearts, that Christ was born in the manger of our souls. Through this visual work, we teach our children, instead of an abundant carnal feast, to strive for angelic food, for the sweet feast of faith, of justice, of Christian joy. So, on Christmas, let's visit and embrace our neighbors, the forgotten, the weak, let's share, forgive each other! The rest of the team that created this audio-visual work to leave a lasting value in our collective memory is composed of: Actors: Krste Jovanovski, Petar Mirchevski, Valentina Gramosli Luka Nikoloski, Jordan Cvetkoski, Teofania Kostoska, Justina Petresca, Luka Aritonovski, Petar Taneski, Jovana Blazeska, Teodora Bpreslieva, Marija Filipov Ilieva, Riste Filipov Vladimir Dimovski - arrangement and orchestration Vladimir Cvetkovski - violin, Vladimir Dimovski - viola, Kiril Josifov - cello, Mitko Ivanov - double bass, Ivan Eminović - keyboards and synthesizer, Simona Bogoevska - harp, Kristina Ljuškoska - flute, Petar Hristov - soprano, saxophone, alto saxophone, Mojca Sedeu - timpani, cymbal Choir - Golden Nightingale Studio ""Alshar"" - Ivica Jankulovski, Margarita Minovski - make-up, Viktorija Bursac - stylist, Venko Pashovski, Letka Filipova, Romeo Petreski, Ace Stavreski, Goran Angeloski, Dejan Doneski, Association for Care and Education of Children of Ohrid Let's thank God that after a two-year pandemic, we can finally celebrate Christmas together, with heavenly joy and pray with the Nativity of Christ, that good people are born in our hearts deeds! Christ is born! vecniotbog bozik Christmas",neutral,positive,positive,positive,neutral_positive
"The former president of the Court of Appeal, Jordan Mitrinovski, is still ""searching"" for justice — Follow Kanal5 on... The case with the former president of the Court of Appeal, Jordan Mitrinovski, perhaps best illustrates the challenges faced by the Macedonian justice system.",neutral,neutral,positive,neutral,neutral_positive
"The Weitz report with ""Macedonian language and identity"" adopted in the EP Foreign Affairs Committee — Follow Sitel Television on...",neutral,neutral,positive,neutral,neutral_positive
"""Currently on BeYourself"" with Sanja Stavrov - licensed psychologist and gestalt counselor — 🔥💔 The tragedy at the ""Pulse"" discotheque in Kočani left a deep wound on the whole country. Macedonia is facing a collective trauma - but how do we experience it, especially the young? 🧠 How does this affect mental health? 😢 Teenagers are grieving, but do they know how to express their pain? 🤝 Can and how can we help each other to overcome the trauma more easily? In the new episode of Aktuelno, we talk with licensed psychologist and gestalt counselor Sanja Stavrov about dealing with pain, grief and the consequences of traumatic experiences. 🔗 Hear more! CollectiveTrauma MentalHealth Psychology GriefSupport Healing TeenMentalHealth SupportSystem",negative,neutral,positive,no_majority,neutral_positive
"Maleska: We already have our own identity, our identity is known",neutral,neutral,positive,neutral,neutral_positive
"Press conference, Janko Bachev, 18.04.2018",neutral,neutral,positive,neutral,neutral_positive
"Stoltenberg: There is no plan B for Macedonia, resolving the name, then NATO",neutral,neutral,negative,neutral,neutral_negative
Consultations tonight on the new French proposal — Follow Sitel Television on...,neutral,neutral,positive,neutral,neutral_positive
Macedonian identity and European integration: A call for unity and dignity,neutral,neutral,positive,neutral,neutral_positive
"Croatia officially holds the presidency of the EU — Follow Kanal5 on... The enlargement of the European Union is one of the topics of the two-day activities in Zagreb of the representatives of the Council of the Union and the European Commission,",neutral,neutral,positive,neutral,neutral_positive
Milososki: VMRO-DPMNE demands a vote on the constitutional amendments — Follow Kanal5 on... 19 days have passed since the referendum in which the people clearly declared that there is no decision on a mandate for constitutional amendments.,neutral,neutral,negative,neutral,neutral_negative
"Macedonians with a categorical ""NO"" for the French proposal",negative,neutral,negative,negative,neutral_negative
Sez4 ...Em 39..Viewer: Those constitutional changes are going over our heads. — Topic: Constitutional amendments key to Macedonia's progress in this year's EU progress report Topic 2: Free,neutral,neutral,negative,neutral,neutral_negative
"Children copy a system of impunity (Web version) — After ""Public Room"" continues the series of deviant phenomena among our children, now with ""Gladiator swords of minors"". When the system of social control and sanction is hidden in institutions and in the family, violent behavior of children is expected, according to sociologist Nadica Tanevska Janeva. In the ResPublica podcast, psychologist Goran Shotkarovski points out that the solution should be found in trust-based parenting, but also in raising awareness of aggressive and violent behavior in which children are the biggest victims.",negative,negative,positive,negative,polarized
"Does ""Severna"" threaten the Macedonian identity? — The designation ""North"" does not affect the identity in any way because it has only a geographical and not an ethnic meaning. Macedonian language, culture and tradition remain as before - Macedonian.",negative,neutral,negative,negative,neutral_negative
"The EU denies Kovacevski: Albania has started negotiations, Macedonia is a step behind, it will wait",neutral,neutral,negative,neutral,neutral_negative
Gerald Kanus for TV 24: Macedonian identity was an obsession for many Bulgarians even 25 years ago,negative,neutral,positive,no_majority,neutral_positive
"Derala: We have to work a lot on how the term multiculturalism is understood — The president of CIVIL, Jabir Derala, at the meeting with the mayor of the Municipality of Kumanovo, Maksim Dimitrievski, as part of the project ""Together for a better future"", which CIVIL is implementing with the support of the Ministry of Foreign Affairs and European Affairs of the Grand Duchy of Luxembourg, emphasized that the topic of multiculturalism should be active because it constantly faces a series of challenges, and therefore, he adds, ""a person should be wise, determined and courageous to deal with those challenges who will bring solutions that will give prosperity, stability and well-being to the citizen"". ""We have agreed with Mayor Dimitrov at the beginning of the next school year, which will start in September, to hold an art competition for children from elementary schools in Kumanovo who will draw on topics related to multiculturalism. We will participate as an organization, but we will also call on the business community to participate so that we can provide a decent prize fund for the children who will be winners and winners of that competition,"" Derala said. He added that we have to work a lot on how the term multiculturalism is understood, but also how the activities related to all those delicate areas that are part of this great world topic are carried out. ""CIVIL as an organization not only promotes positive messages, it also keeps a watchful eye on all the tendencies that go against the Macedonian national interests, and it is a multicultural society that is Euro-Atlantic oriented, and we follow all those tendencies that come from inside and outside and try to threaten the Macedonian national interests. We want to point out to all decision-makers at the national and local level that multiculturalism, good inter-ethnic relations are a guarantee for prosperity, for the economic progress of our country, but they are also a guarantee for the stability and security of the country"", emphasized Derala. text, camera and photo: Dehran Muratov editing: Arian Mehmeti multicultural Together for a Better Future",neutral,neutral,positive,neutral,neutral_positive
Filipche: The Prespa Agreement is a solution to the Interim Agreement of 1995! — Follow Kanal5 on...,neutral,neutral,positive,neutral,neutral_positive
