text_en,pred_cardiff_en,pred_bertweet_en,pred_nlptown_en_3cls,majority_label_mk,disagreement_type_mk
Hit Bro!!!,positive,neu,positive,positive,neutral_positive
@tatjanavelkova5814 VIVA NORTH MACEDONIA... FROM 2018,positive,neu,positive,positive,neutral_positive
<USER>-rv2bs you 0. MACEDONIAN LANGUAGE 25 CENTURIES ! !,neutral,neu,negative,neutral,neutral_negative
"Serbia is Macedonia's best neighbor. Macedonians and Serbs are the real brothers. Unlike Tatarstan (Bulgaria), which has a totally negative policy towards Macedonia. He doesn't recognize people hey?? In the 21st century? You are the Tatar Mongols...",negative,neg,positive,negative,polarized
?,neutral,neu,negative,neutral,neutral_negative
"@Гоксии25BULGARIA=MYSIA, THRACIA AND MACEDONIA 🇧🇬💪❤️🇧🇬",neutral,neu,positive,neutral,neutral_positive
Dimitrov's whole life as a state feeder. There is no such thing as a working day in the private sector. It's no wonder that he is fighting tooth and nail to get into the civil service again.,negative,neg,positive,negative,polarized
THIS IS A MACEDONIAN MEDIA. bark j Black Sea.,negative,neu,negative,negative,neutral_negative
@.....3826 sds tile.,neutral,neu,positive,neutral,neutral_positive
"@geliefdeliefde2339.. Tito made you ""Macedonian by birth"" 50 years ago. , and Venko invented your language in 1944. !!what pretensions can you have against the Bulgarian revolutionaries and history??",negative,neu,negative,negative,neutral_negative
"In this document from the 16th century, the original says Bulgarians, and RSM ""scholars"" replace it with Macedonians. According to Veselinka, it appears that the Macedonian dialects in which there is an A sound are different languages ​​from North Macedonian.",neutral,neu,negative,neutral,neutral_negative
"<USER> : don't eat here, eat at Kurakatsanov's.",neutral,neg,negative,negative,neutral_negative
You don't have a normal friend,negative,neg,positive,negative,polarized
Micko's baldaza is Bulgarian and what is his wife 😂😂😂,neutral,neu,positive,neutral,neutral_positive
"Only the Croatian EU approved model constitution! Macedonians should be at home in the Republic of Macedonia... Well done H. Mickovski, she didn't say anything more, she said only certified black and white confirmed.",positive,neu,negative,no_majority,neutral_positive
"<USER> let's use Russia and Turkey 🤣🤣 Russia, where the whole world is after all them, and Turkey, where it has problems with Cardi and Armenians, Garcia alone can beat them",negative,neu,negative,negative,neutral_negative
"Misirkov says very clearly that there is no Macedonian language and nation, but it will be created, and Blaže Konevski's birth name is Blagoj Konev, who was Serbian.",neutral,neu,positive,neutral,neutral_positive
"You will be looking for Russia, but it will be too late, remember.",neutral,neg,neutral,neutral,neutral_negative
Macedonia,neutral,neu,positive,neutral,neutral_positive
red roses I have a lot of people who are very jealous of me if they are so jealous of me you know what I'm worth I spend a lot more money than a hundred I have probably over 1000 euros I spend money I'm rich but I've never been poor with my 1200 euros salary I feed 6 hungry mouths nobody works from them only I work!,negative,neu,negative,negative,neutral_negative
@tatjanavelkova5814 NORTH MACEDONIA... FROM 2018,neutral,neu,positive,neutral,neutral_positive
<USER> I understood that there are two or three of them and there is no need to waste our time with them. And for the cream to acquire quickly.,neutral,neu,positive,neutral,neutral_positive
Bulgarian father - ox.,neutral,neu,positive,neutral,neutral_positive
@tatjanavelkova5814 NORTH MACEDONIA... FROM 2018... ALWAYS AND FOREVER,neutral,neu,positive,neutral,neutral_positive
"We have our own words, you don't have to use English.",neutral,neu,positive,neutral,neutral_positive
"<USER> come on, this is valid, yours is not an insult and provocation and imposition??",negative,neu,negative,negative,neutral_negative
MACEDONIANS SPEAK MACEDONIAN LANGUAGE. 25 CENTURIES! ! !,neutral,neu,positive,neutral,neutral_positive
"@GjokoVelkovski-dm5vv I am asking you, Gjoko, to check in any historiography (including the Serbian one) - the same characters (before '45) are written by Bulgarians! It is no coincidence that common history is written in the agreement (supported by the EU)! Read it, think about it, it is not difficult to inform a person!",neutral,neu,negative,neutral,neutral_negative
@tatjanavelkova5814 IN NORTH MACEDONIA ARE SPEAKING A SERBINIZED DIALECT OF BULGARIAN LANGUAGE.. ALWAYS AND FOREVER,negative,neu,positive,no_majority,neutral_positive
@tatjanavelkova5814 VIVA NORTH MACEDONIA.. FROM 2018,positive,neu,positive,positive,neutral_positive
"red roses, I married a 22-year-old so-called girl, Uzvari woman, she fell in love with me, but I had no interest in me, she would make me angry, she wants to fuck me like a bachelor, but fuck, let her be angry with me as much as she wants, as a bachelor, I want a girl, but never a fucking Uzvari woman, she can't be my wife, nor can a girl, Uzvari, I can only fuck her or we can only be friends, we can be like my girlfriend or woman, never only as friends, so if necessary, let him be angry with me as much as he wants, only as friends, but nikigas or girlfriend or woman!",neutral,neg,negative,negative,neutral_negative
GREETINGS FROM EU MACEDONIA?,neutral,pos,negative,no_majority,neutral_positive
"Risto Nikov (ski) old UDBAsh, works only for his own personal interest",neutral,neg,neutral,neutral,neutral_negative
"<USER> Here, as a Macedonian, I have no problem with what happened in the past in the sense that we live in hatred because of the past, and I don't connect whatever happened on the part of Bulgarians with today's Bulgarians. The whole world leaves the past and history where it belongs in the past, and builds the present and thus the future, which is the only thing that matters.",negative,neu,positive,no_majority,neutral_positive
"Why are you crawling? Well, the EU report on the Serbian world is for 2023/24, that is during SDSM.",negative,neu,negative,negative,neutral_negative
"Mrs. Siljanovska is right, the communists changed our grandfathers' surnames to Lazo and Tempo after 1945 WITHOUT ASKING THEM or PRISON. They sounded very Bulgarian. Passionate. Greetings and congrats, just go ahead.",positive,neu,positive,positive,neutral_positive
"And guys, ""Hello"", ""Thank you"", how are you? Southern Serbs or straight Serbs. And it is clear that you are communists, you just don't understand that Yugoslavia has never existed. Alive and healthy and may God give you wisdom because you don't have it.",negative,neg,positive,negative,polarized
<USER> Did your father Tito tell you this or did your Uncle Stalin tell you that?,neutral,neu,negative,neutral,neutral_negative
<USER> that you are a Serbian mekereta,neutral,neu,negative,neutral,neutral_negative
People like you shouldn't be making videos like this!,negative,neg,positive,negative,polarized
*FREEDOM AND INDEPENDENCE*,negative,pos,positive,positive,polarized
"THE MACEDONIAN PEOPLE HAVE IDENTITY FOR 25 CENTURIES. from PHILIP KING OF MACEDONIA 4th century before this era to the present 36th century. Some characters from other countries ""adopt"" them.",neutral,neu,positive,neutral,neutral_positive
Marionette,neutral,neu,positive,neutral,neutral_positive
"Australia, English and Aboriginal New Zealand, English and Maori",neutral,neu,positive,neutral,neutral_positive
🇲🇰🇲🇰🇲🇰💪👌🦁🐅,positive,neu,positive,positive,neutral_positive
What will we do when ALL THE RELATIVES OF GOCE WHO ARE IN BULGARIA SEND A REQUEST FOR THE BONES OF GOCE TO RETURN HOME TO BULGARIA????????? WHO ARE YOU BRINGING A BAG FOR A WEEKLY KE FALISH TOGAWA?? MARCH ON TITTO'S GROBUT .<URL>,negative,neu,negative,negative,neutral_negative
"<USER> username And don't you sing, Vardare Pirin, where are you? Admit it, you love him.",positive,neu,positive,positive,neutral_positive
"Well, come on, you're accepting it, isn't it France, friends 🤣🇧🇬🇧🇬🇧🇬",positive,neu,neutral,neutral,neutral_positive
ANGELOVA STAND SOLD SOUL,neutral,neu,positive,neutral,neutral_positive
"Macedonia is one of the last partners of America, Greece, Albania and Bulgaria are much ahead and more influential than the Macedonians in America, they are the back hole of a whistle.",negative,neu,positive,no_majority,neutral_positive
And told you so. VETO MEANS VETO!,neutral,neg,negative,negative,neutral_negative
The truth will set you free from your troubles,neutral,pos,positive,positive,neutral_positive
<USER>-bm3px ..... hello ... you don't need anyone in Bulgaria ...,neutral,neg,negative,negative,neutral_negative
"@vangelijanikoloska2566 MYSIA, THRACIA AND MACEDONIA=MOTHER BULGARIA 🇧🇬❤️💪🇧🇬",neutral,neu,positive,neutral,neutral_positive
"<USER> if you are not Bulgarian, start writing in Albanian",neutral,neu,negative,neutral,neutral_negative
"Well, there was no one who was familiar with the Miladin brothers. Titus Macedonians 😂😂",negative,neu,negative,negative,neutral_negative
<USER> LONG LIVE MACEDONIA!!!!! UNITED OF MACEDONIANS MKD,neutral,pos,positive,positive,neutral_positive
"<USER> listen, little ones, let your ass grow in Christianity, we have three major religions, the largest one is the Orthodox, then the Catholic, then the Presbyterian, which are similar to each other, Rome, that is, the Roman Catholic Church in the winter, and it appropriates many of the Orthodox countries, why is everything free as long as you pay in Orthodoxy, that is, all the poor join that church, why was it not possible to pay for every celebration plus the schism in the orthodoxy between the Macedonian archbishopric, the Serbian church, the Greek and the Russian, let us be obedient or let the strong be the rulers, that is why Catholicism is gaining momentum and many countries are becoming Catholic all over the world, Catholics and converts celebrate Christmas according to the new calendar or covenant and that is why it is called among the Orthodox Catholic Christmas, which is actually celebrated by Bulgaria, part of Greece, but the Ecumenical Patriarch in Constantinople ""Istanbul"" celebrates it according to the old one vow, that is, the Greeks were always colorful, which Bulgaria did as well 😂😂😂, in no communism is it allowed to celebrate Christian holidays on the Balkan peninsula, but in Macedonia they hid from communism and went to monasteries and at home all the customs were followed and we celebrate it according to the old calendar always on January 6, I remember even more dates from my grandmother who was born in 1923, she was alive until 3 years ago so you lie because there was communism only in Bulgaria, your great uncles changed you to wash away your stram, now in the European Union a few years ago they want to impose it in Macedonia as well to celebrate Catholic Christmas when the Pope was on an excursion through the Balkans but the Macedonian church said clearly and clearly that it cannot be accepted after the new covenant Christmas is like that for now but for the future as you have burned all the neighbors like flies on shit and there will be much bigger problems , that is, the people in all countries should freeze to the point of extermination until the last one",neutral,neu,positive,neutral,neutral_positive
COME TO MACEDONIA AND YOU WILL SEE WHAT I HAVE,positive,neu,positive,positive,neutral_positive
"Bulgaria is in the EU and fulfills everything 110%, no matter how much you northerners deny it.",neutral,pos,positive,positive,neutral_positive
"SVETOSLAV, EVERY MACEDONIAN HISTORICAL PERSON VAS MACEDONIAN.",negative,neu,positive,no_majority,neutral_positive
"In the current circumstances, the only strategic move is to immediately abolish the negotiating framework together with the protocols",negative,neg,neutral,negative,neutral_negative
We need the Republic of Macedonia cista alexandrova.,negative,neu,positive,no_majority,neutral_positive
Yeh they are a tribe chorrecst.,negative,neu,negative,negative,neutral_negative
<USER> bulgaria junk. MACEDONIA STATE.,negative,neu,negative,negative,neutral_negative
"Ever since the existence of Macedonia in the Balkans, Bulgaria has been in the incubator of a ""pret before the donkey"" nasty tribe 🤣😂🤣.",negative,neg,positive,negative,polarized
Give this resolution to Portugal.,neutral,neu,positive,neutral,neutral_positive
You are not a Tatar @Georgi.Delchev.Reborn,neutral,neu,negative,neutral,neutral_negative
go to power you and NATO,negative,neu,positive,no_majority,neutral_positive
"<USER> Friend, you lost your mind a long time ago, you put a Serbian chip on you!",negative,neg,positive,negative,polarized
This is a theater for the North Macedonian public. It's all over. Albania has boasted that it will start negotiations with the EU within a week.,neutral,neu,negative,neutral,neutral_negative
"The EU is reforming into EA-Eurasia. Every Turkish woman has 5 Kinder, how many are there from Africa.",neutral,neu,negative,neutral,neutral_negative
"<USER> bulgaria or Bulgarian state never existed in the past because the Roman Empire never recognized such a thing on its Roman lands, and the wiki is worthless, anyone can write there.",negative,neu,negative,negative,neutral_negative
"The decision to divide the Bulgarian people into four artificial nations - Macedonian, Thracian, Dobruja and Shopska was taken in Moscow by the Comintern (Communist International uniting the communist parties of many countries around the world). After the end of the Second World War with the help of the Bulgarian Communist Party, the creation of new nations ran but the plan to create 4 new nations by the Bulgarian nation succeeded only on the territory of present day Northern Macedonia, which became part of Yugoslavia after VVII. The Macedonian nation was created with genocide against the Bulgarians in Yugoslavia (then Northern Macedonia), as more than 20 thousand Bulgarians were killed and 120 000 thousand Bulgarians were sent to labor camps, because they did not want to become Macedonians. The Communist Party of Yugoslavia, with the murders and genocide of the Bulgarians to a large extent, succeeded in creating in the Bulgarians in Yugoslavia a Macedonian self-consciousness, but it failed to create a Macedonian language. In 1947, a small group of Yugoslav communists gathered and decided to create from one of the Bulgarian dialect, the new Macedonian language, but the change of several letters could not create a new language. Macedonian language never existed, neither in antiquity, nor in the Middle Ages, nor today, and this is the reason why nothing is written in Macedonian language. Macedonians speak the purest Bulgarian language and the proof of this is that all Bulgarians understand perfectly the language that Macedonians speak, even though they have never learned ""Macedonian"" language.",negative,neu,positive,no_majority,neutral_positive
"There are also northerners, there are also 3 other countries, blind people together,",negative,neu,negative,negative,neutral_negative
Whoever wins the Canadian fight between Zaev and Borisov takes Macedonia. This is the annex to the agreement.,neutral,neu,positive,neutral,neutral_positive
<USER> Georgi Delchev or Delchevski? Gotse Delchev decided himself as a Bulgarian. All of his family identify themselves as Bulgarians to this day.,neutral,neu,negative,neutral,neutral_negative
Tell me how it is in Macedonian?,neutral,neu,negative,neutral,neutral_negative
Thessaloniki 🇲🇰☦️,neutral,neu,positive,neutral,neutral_positive
You are an ancient Tatar 😂,neutral,neu,positive,neutral,neutral_positive
"It's winter, my friend, that's right",neutral,pos,positive,positive,neutral_positive
they have been chipped for 70 years,negative,neg,positive,negative,polarized
Here's a banana and go back to the cage 😊,positive,neu,negative,no_majority,neutral_positive
from all Bulgarians Veto for the northern janissaries,neutral,neu,negative,neutral,neutral_negative
"ES was even very soft and very good with you and let you see the suggestions and think about them. There was no such thing with the other darravas! They directly sent lists with the conditions that you MUST fire! Difficult, easy, even impossible, you have to burn them. Even one of the conditions, that is, even one of the sentences that are written on the list, if you don't fire, that's it, the negotiations are over. The EU expansion is happening and you are leaving it out…",negative,neu,positive,no_majority,neutral_positive
read who made conc bearings in Bulgaria,neutral,neu,negative,neutral,neutral_negative
"Shopke, you are an assimilator from Western Tatarstan-Bulgaria.",negative,neu,negative,negative,neutral_negative
"The decision to find an agreement is only one - the Bulgarians recognize the present, and the Macedonians the past - as it is written in the historical sources and in the entire secular historiography. The decision to find an agreement is only one - the Bulgarians recognize the present, and the Macedonians the past - as written in historical sources and throughout world historiography.",neutral,neu,positive,neutral,neutral_positive
here in Bulgaria everyone has equal rights,neutral,pos,positive,positive,neutral_positive
"in Kyustendil and Gotse Delchev there were many ""Macedonians""..... ha ha ha ha ha ha ha ha ha ha ha ha ha ha ha ha ha ha ha ha ha ha ha",neutral,neu,negative,neutral,neutral_negative
"<USER> On the flag of the real VMRO it says in pure Bulgarian: ""FREEDOM OR SMART"". There is nothing in common with Serbian: ""freedom or death""",neutral,neu,negative,neutral,neutral_negative
said word for word every time ❤,positive,neu,positive,positive,neutral_positive
@tatjanavelkova5814 IN NORTH MACEDONIA... BULGARIAN LANGUAGE AND NAMES...,neutral,neu,positive,neutral,neutral_positive
<USER> I haven't heard of those,neutral,neu,negative,neutral,neutral_negative
Macedonia 🇲🇰 Macedonia 🇲🇰 Macedonia 🇲🇰 Macedonia 🇲🇰,neutral,neu,positive,neutral,neutral_positive
And DPNE together with them with Shpitsniy at the head.,neutral,neu,positive,neutral,neutral_positive
<USER> kenzam in your stinky mouth,negative,neg,positive,negative,polarized
<USER> MACEDONIA BELONGS TO THE MACEDONIAN PEOPLE.,neutral,pos,negative,no_majority,neutral_positive
@tatjanavelkova5814 VIVA NORTH MACEDONIA... FROM 2018,positive,neu,positive,positive,neutral_positive
"So far it seems that we have accepted each other in the hope that the Greeks will leave us alone. We changed our name before the UN, we changed our flag, we are actively negotiating, we are bending our spines, but I don't see any concessions from the other side. This is hardly a negotiation. Stop the negotiations, just wasted expenses for official lunches and trips",negative,neu,negative,negative,neutral_negative
