video_id,reason
HX8bGIwN6Q4,commentsDisabled
-XRqaDk40hg,commentsDisabled
Yq0NnINcIcQ,commentsDisabled
wvN6G9NFjMI,commentsDisabled
fCALnM5U4TI,commentsDisabled
9Sw-3-ybGTQ,commentsDisabled
xXrZjObDRRs,commentsDisabled
fbnDYYxcjV0,commentsDisabled
WN9SgVyozvA,commentsDisabled
kBSlBrWGm50,commentsDisabled
SFjo4M3uvuU,commentsDisabled
CPCMZI7LSN0,commentsDisabled
NAdveqaab_g,commentsDisabled
42o1PjL_vZw,commentsDisabled
7RPGdDgbhhQ,commentsDisabled
9tyxHeDNFU4,commentsDisabled
dZOBQHp2afw,commentsDisabled
n5OE5Jh8W1g,commentsDisabled
wrDQm4krpaM,commentsDisabled
G1oEY94bdWs,commentsDisabled
Lxsx5GQ5omM,commentsDisabled
NYqjucEOnNk,commentsDisabled
t4eDXS7d9tw,commentsDisabled
hBuMnYVP1S4,commentsDisabled
9A4AqYj663g,commentsDisabled
OW8ALdGzvAI,commentsDisabled
uHXyDavUaLk,commentsDisabled
pWCyTRz2fSI,commentsDisabled
x6cJ550bcZU,commentsDisabled
izNRL8hAKQs,commentsDisabled
Hh0VxTy6LWc,commentsDisabled
giayCGoigZM,commentsDisabled
kY1irHy0JGg,commentsDisabled
5jyckxAxiF8,commentsDisabled
dkabWxAEpso,commentsDisabled
x0Ew1zzSxR8,commentsDisabled
8xrsU2ChBa8,commentsDisabled
om8_GAjHLMc,commentsDisabled
ha7yNsW35wU,commentsDisabled
sXdv7OyCgCg,commentsDisabled
C2gPn0siUEA,commentsDisabled
CVhQaBIwFys,commentsDisabled
Arn1ytQ7Lns,commentsDisabled
Xy-fTTDwuyA,commentsDisabled
r6ddXosGVnU,commentsDisabled
3Xq1CKezbsA,commentsDisabled
kgeU9_Cmivc,commentsDisabled
etGEw37bxn4,commentsDisabled
3pRow7b5NA0,commentsDisabled
d7cUkACvsa8,commentsDisabled
iK7upwLQrFU,commentsDisabled
5yYOfzkKbZY,commentsDisabled
P_OY70ulOZI,commentsDisabled
Gj4L5NpyaxE,commentsDisabled
gAgGhxBKnJI,commentsDisabled
AxVdpdXnRiM,commentsDisabled
rsJ3Il6t-Y0,commentsDisabled
hzc35E0PJqM,commentsDisabled
AQohSrAc0zU,commentsDisabled
9t3_CdjrcvE,commentsDisabled
kZD8OUGe-vc,commentsDisabled
IQukOuSHUDY,commentsDisabled
GzdS_hJVbNg,commentsDisabled
GWQNX8UtQ9s,commentsDisabled
6mz4F_MBeMA,commentsDisabled
5ls6JGJgKC4,commentsDisabled
RPyQQjg7ScE,commentsDisabled
rvDt_w2QIE0,commentsDisabled
EeP7VuKto3w,commentsDisabled
J33W0uyvxuo,commentsDisabled
VpPwCgfss_A,commentsDisabled
ApXqwI9Np7E,commentsDisabled
DsnzasYaeCQ,commentsDisabled
iDU0E4HPP6g,commentsDisabled
49IGUWXwLnw,commentsDisabled
pbucp_9hk_A,commentsDisabled
Vqqr0uYC1wc,commentsDisabled
krqexaRayJU,commentsDisabled
idbUaRVNhBA,commentsDisabled
H-7XEi8CHeE,commentsDisabled
cgoCnmeJnVw,commentsDisabled
jOjh07l-K64,commentsDisabled
84-lYdFjPiA,commentsDisabled
IgLcSBDujoM,commentsDisabled
tusQ48ZZiJs,commentsDisabled
-1LFr0cveVk,commentsDisabled
Us5rc-pPe8U,commentsDisabled
NJ_-bz_FSMY,commentsDisabled
qdrW4wmNK6E,commentsDisabled
39ywYN6GvWs,commentsDisabled
e9nogfjOMZ0,commentsDisabled
htpuYdEWvP8,commentsDisabled
MIvbOvpR5V8,commentsDisabled
dqwqSHbT6JY,commentsDisabled
N1w1iTBbni8,commentsDisabled
CwG0LNNQb4w,commentsDisabled
VZdbFB5zpxY,commentsDisabled
7fAgWtD0dP4,commentsDisabled
HY1hLnnra-c,commentsDisabled
pEkebZlW9LM,commentsDisabled
B82xHGB7FuY,commentsDisabled
wZ0HKIAJoaQ,commentsDisabled
9aJKTharwzA,commentsDisabled
mmU8MvV2UOY,commentsDisabled
23ft_KC3hQo,commentsDisabled
So8ILXBd69k,commentsDisabled
WAYom3Dfzfs,commentsDisabled
Y_NHM2EgS6I,commentsDisabled
LkeoMKpqCyc,commentsDisabled
A33zpNK7LTw,commentsDisabled
LVrunB17a4E,commentsDisabled
e2rocQfw1uQ,commentsDisabled
8H5bj5HNlTw,commentsDisabled
CTkL01_WA1Q,commentsDisabled
S4N9FeDGkkQ,commentsDisabled
DOmNqLp-f4k,commentsDisabled
raXWCb-hAYI,commentsDisabled
oMgLs6m6I5c,commentsDisabled
Zx1CNxT6oGg,commentsDisabled
GU3qLw8pu7c,commentsDisabled
KAqFHUlnD6Q,commentsDisabled
PGG5q0E1qeE,commentsDisabled
suKsezhqKk4,commentsDisabled
xWWoSOtOW1E,commentsDisabled
6DPiy6yyjwY,commentsDisabled
uVHiD4puSus,commentsDisabled
pgncXkXvzkk,commentsDisabled
Mds_JCiKej0,commentsDisabled
6pw_CG6V5l8,commentsDisabled
kFyL-Rjqf9E,commentsDisabled
G6JcJiWvML8,commentsDisabled
YLY_ggZCxVo,commentsDisabled
t0Edmt2gxoE,commentsDisabled
nq6f0FZXJD4,commentsDisabled
NJSJ5-izMUA,commentsDisabled
M8n3DBMC1ik,commentsDisabled
cqv_wfc2tuU,commentsDisabled
yvgvD7s9AJI,commentsDisabled
E8JmJ9U_r98,commentsDisabled
KM2txtP4rp0,commentsDisabled
YS6bwZUMrVQ,commentsDisabled
dt--Wth4W5g,commentsDisabled
Q9bIDNrfX0Q,commentsDisabled
D9DDI6iMvTg,commentsDisabled
ldMqME5Qw_g,commentsDisabled
uOuNmEnxZJA,commentsDisabled
o2Vw8w5XYD0,commentsDisabled
FhJswT8u9Hs,commentsDisabled
OyJVRQAQaWE,commentsDisabled
8c8UBqoXG3Y,commentsDisabled
pCRKo1rAf1U,commentsDisabled
RpU_9bGqfG4,commentsDisabled
NKLh79BT-bI,commentsDisabled
lHIpZGyqp7Y,commentsDisabled
WjDhQI79mmM,commentsDisabled
e9fgWzhRXaI,commentsDisabled
crzUq8T-EfE,commentsDisabled
BsKyaJqn31w,commentsDisabled
I8mDo13zmRQ,commentsDisabled
3WUAtVqMBJo,commentsDisabled
Zn499I2InlM,commentsDisabled
KfuqrniCP8k,commentsDisabled
EUBKUeba2D8,commentsDisabled
MyCiSZxi7Oo,commentsDisabled
B7rLyS5huL8,commentsDisabled
5HjJtG4sFiY,commentsDisabled
fIGSbXx4vm0,commentsDisabled
OLIksEQv-7E,commentsDisabled
V-K8W5Cxkeg,commentsDisabled
67PKa02I0AA,commentsDisabled
W5vKVFFz9wM,commentsDisabled
0AW_1CPTqsY,commentsDisabled
hWqa2eP1Pvs,commentsDisabled
DgBKoR3P5V4,commentsDisabled
dqO4GvhGRHQ,commentsDisabled
YHn44y7a6M0,commentsDisabled
S_baQGmVSs4,commentsDisabled
jfAq83QDxbg,commentsDisabled
zRWkryqF1Ys,commentsDisabled
9-s8jK-XFIk,commentsDisabled
u4Q929yFH6k,commentsDisabled
L0Sks5DNvqs,commentsDisabled
yywsOeQ2X04,commentsDisabled
mowRQWtnATo,commentsDisabled
YQrXB0b0J3w,commentsDisabled
Wn9w6MkGhdw,commentsDisabled
4dEA3b4hLGY,commentsDisabled
7cOWwMFGPJg,commentsDisabled
NrPtpN_JYP8,commentsDisabled
f4UFtKEdYLE,commentsDisabled
tccNJ_bI7Qk,commentsDisabled
9Dg2QRxg5AE,commentsDisabled
26B868ziEDA,commentsDisabled
8UmrG96GW_o,commentsDisabled
Grh_CQ1bjYI,commentsDisabled
zGhnXbEzVa0,commentsDisabled
K0frYGwKBoQ,commentsDisabled
95vktwSZoVM,commentsDisabled
hFiyKWLNA5o,commentsDisabled
8ITaBIoDSJA,commentsDisabled
s7bktSvvMl0,commentsDisabled
P4NmYk8CO-w,commentsDisabled
srAdTcD69wY,commentsDisabled
7DD1RdT4-FY,commentsDisabled
gTLcpux-PwI,commentsDisabled
SxG85kcb4ec,commentsDisabled
xGN7oYPz_fY,commentsDisabled
6wkVExva6E4,commentsDisabled
zCF_NboH7NQ,commentsDisabled
JGef7sfr8G4,commentsDisabled
ED4wo75t7JQ,commentsDisabled
hiyD0A1Is-Q,commentsDisabled
_MljBBTLEI0,commentsDisabled
Kg05zHnhbvI,commentsDisabled
mZ2BHXkNR2c,commentsDisabled
OiXNQaMmIMU,commentsDisabled
OL2td-y6A-c,commentsDisabled
BiXtop6SxMY,commentsDisabled
wSg11DyfJTw,commentsDisabled
PHMQ4lN4Y7g,commentsDisabled
ZXt9LuW_KN0,commentsDisabled
2mJBxZ4DFxQ,commentsDisabled
C9aOLyFe2T4,commentsDisabled
bOfdwsy2mEU,commentsDisabled
XxLaGVRZ94Y,commentsDisabled
YbiYfZIFeO0,commentsDisabled
fIeZvbQLQqs,commentsDisabled
s0pkMpRbQp4,commentsDisabled
xhPCQQs4p5A,commentsDisabled
A_LGR5uxzNc,commentsDisabled
MGDGSN3ts2o,commentsDisabled
FrjJYg1mOOU,commentsDisabled
8T1QXyZXoEI,commentsDisabled
jLf_IKftP6k,commentsDisabled
jXZ8wPk9g4g,commentsDisabled
Gqf0K3Y1gFA,commentsDisabled
IDzKZ0vCbys,commentsDisabled
aSTTS1K3FKI,commentsDisabled
RbVKqOS4Wuo,commentsDisabled
Nyi_i4xePQY,commentsDisabled
49Ahwxu8EBE,commentsDisabled
aV11RiD3-ls,commentsDisabled
U79Qs-BdkaE,commentsDisabled
OnXeVabwAJA,commentsDisabled
zECH8cqCs1Y,commentsDisabled
Bbi6fhMcGME,commentsDisabled
2mWylmKuuX0,commentsDisabled
P8lf_6edh6I,commentsDisabled
rAWpaWNQcMw,commentsDisabled
ziALlBvqz98,commentsDisabled
v2-M82tRW0g,commentsDisabled
gSp300a_i6U,commentsDisabled
0EwLhxLLStE,commentsDisabled
dXqGMJC7mRA,commentsDisabled
0vR7dE8BA1I,commentsDisabled
7V5Uio9F8o0,commentsDisabled
tPjYRVigazU,commentsDisabled
qBU8DNAafoM,commentsDisabled
xJ7N7mretNg,commentsDisabled
dA85sZE7SoY,commentsDisabled
JAb2r522MFw,commentsDisabled
VpWtGFwZr3M,commentsDisabled
EFLGmWHx_0U,commentsDisabled
D4f6jT0IWm8,commentsDisabled
89eQNYbdqzs,commentsDisabled
a1QJNIV8Ago,commentsDisabled
ACV9BWy1Vzs,commentsDisabled
I0WE3teSlWY,commentsDisabled
zBpJK3WLKY0,commentsDisabled
pLQtYjQ-X5w,commentsDisabled
R6vtUfmkY3s,commentsDisabled
mp0VmEszidA,commentsDisabled
JiPOnbsUhQM,commentsDisabled
ENqkUBXRYyo,commentsDisabled
H-bve4ja6Xk,commentsDisabled
4D0T7hzZsy0,commentsDisabled
J2vPbjbUAt8,commentsDisabled
F6NPlWPIVhQ,commentsDisabled
_jNbTCUbJhg,commentsDisabled
jwa_7QmxYEo,commentsDisabled
k1-YDDVgBH4,commentsDisabled
jGYwACXnWZ8,commentsDisabled
TuR38_7Ew5o,commentsDisabled
dLPk5XJ-y74,commentsDisabled
ldh4VR84n4I,commentsDisabled
QkADxU0KcqY,commentsDisabled
kcd5ugO3bCY,commentsDisabled
vV72_tbyxNc,commentsDisabled
8S_g31M674s,commentsDisabled
gdr6oPUqXps,commentsDisabled
gvplrhWAhFc,commentsDisabled
nzA9mCorR4A,commentsDisabled
LHBIMM-wFsA,commentsDisabled
gqoBJC_0lEQ,commentsDisabled
hFKN8soj4h8,commentsDisabled
QretokZE-UM,commentsDisabled
tgZdhP3JVus,commentsDisabled
BJ9mJ0VIJM4,commentsDisabled
mvUff-OmN-w,commentsDisabled
jHT-9wely2g,commentsDisabled
b-B8grtjxjs,commentsDisabled
kAFhHaeU38A,commentsDisabled
5XfBdf6FQT4,commentsDisabled
e0IL06ZXHFs,commentsDisabled
NfoYRHvaqkQ,commentsDisabled
YvjDtjCAdJE,commentsDisabled
RJzYkMvQNrw,commentsDisabled
eHw89s7cEqo,commentsDisabled
T8F00H_VFuw,commentsDisabled
vw8K1vYlvoo,commentsDisabled
2PxwbwDiamU,commentsDisabled
jdexrepbavI,commentsDisabled
aGzDeXqV-L4,commentsDisabled
sDAMSarXTYc,commentsDisabled
LlxjD1fnC5M,commentsDisabled
zLDpplQZLsg,commentsDisabled
26NRBIUSbGA,commentsDisabled
LV76n8d0T1A,commentsDisabled
M51xsa_ZEak,commentsDisabled
RTOk_UoLEvw,commentsDisabled
HDidYFPIFAI,commentsDisabled
nZgFB6cx_T4,commentsDisabled
7ul9hCZtJH0,commentsDisabled
i6twLNWLcSI,commentsDisabled
tFDQ0pSOm4k,commentsDisabled
7wPpDz0JGDU,commentsDisabled
up91yoJPdTQ,commentsDisabled
8Bli9bM-a-Y,commentsDisabled
BKd-1bQu5pY,commentsDisabled
x8F9tfM_Ens,commentsDisabled
p6f1MvYFLuM,commentsDisabled
iJhYTLP6hRM,commentsDisabled
aOBs-PlEPTs,commentsDisabled
5r3noRvnbBI,commentsDisabled
jO-bDaZOIPY,commentsDisabled
rzTWbb8IIW8,commentsDisabled
BO89ZuOJIfs,commentsDisabled
xs4S-F8gaeM,commentsDisabled
-pkTXL3L9AE,commentsDisabled
MkQHPghS2gc,commentsDisabled
Fi5BzGUrfBQ,commentsDisabled
5EdqO0RC0ck,commentsDisabled
netEKi1gRJw,commentsDisabled
4iRijyKI3uA,commentsDisabled
cA7kQTdwSDM,commentsDisabled
hyyAztKUPdQ,commentsDisabled
MaQeVEB7sAU,commentsDisabled
W3WEMEGtK8M,commentsDisabled
j7WGA4Uf44o,commentsDisabled
S-e2vK3Fg-g,commentsDisabled
l85PyMImEII,commentsDisabled
8pYlQaqQRU8,commentsDisabled
SvzFhM9nEc0,commentsDisabled
0xZsBz1Mbo8,commentsDisabled
wgfKpkfEvDM,commentsDisabled
E63R_pIzXWs,commentsDisabled
OpG4n-FN95I,commentsDisabled
5il7YlonaCE,commentsDisabled
KhRUB9q-jYQ,commentsDisabled
YbipIjms2Do,commentsDisabled
LuM-dB2MPTo,commentsDisabled
SlZFoUZI9fI,commentsDisabled
WPhK8SSNdDc,commentsDisabled
cVW8IJ5WCeo,commentsDisabled
HlJ_Njek7qs,commentsDisabled
o9ubBcBfyuc,commentsDisabled
oMRArWZsG1Q,commentsDisabled
ZDSnrixdW2s,commentsDisabled
zoJXlaC4Zk8,commentsDisabled
lGc6yv9Y_oc,commentsDisabled
ECfkzk-VJIs,commentsDisabled
lGiR7Dw62kE,commentsDisabled
f8Iqv1e20NM,commentsDisabled
cfMABm6Uocg,commentsDisabled
hYuIfNxGR-4,commentsDisabled
jekxqVWJYlA,commentsDisabled
co5mkiuThl8,commentsDisabled
Xnb9EE823j8,commentsDisabled
Rw5Cp1czWbA,commentsDisabled
CoCUeG_-iEE,commentsDisabled
5_gCqDwlWLI,commentsDisabled
4AbWg1t4YAw,commentsDisabled
3yF9qh6-IEo,commentsDisabled
r2NmGGkF8-I,commentsDisabled
nOUfNQsRDwc,commentsDisabled
KFgmn4wQdT4,commentsDisabled
68KPMtEtFHY,commentsDisabled
862MHBm-5Iw,commentsDisabled
iY4htNG4MWU,commentsDisabled
3-TBjPQBNZ4,commentsDisabled
c2gJsj0kRH4,commentsDisabled
AqC7IfQ41uY,commentsDisabled
dEI6rCIrnyc,commentsDisabled
1EWTzsqBRwk,commentsDisabled
HX8bGIwN6Q4,commentsDisabled
-XRqaDk40hg,commentsDisabled
Yq0NnINcIcQ,commentsDisabled
wvN6G9NFjMI,commentsDisabled
fCALnM5U4TI,commentsDisabled
9Sw-3-ybGTQ,commentsDisabled
xXrZjObDRRs,commentsDisabled
fbnDYYxcjV0,commentsDisabled
WN9SgVyozvA,commentsDisabled
kBSlBrWGm50,commentsDisabled
SFjo4M3uvuU,commentsDisabled
CPCMZI7LSN0,commentsDisabled
NAdveqaab_g,commentsDisabled
42o1PjL_vZw,commentsDisabled
7RPGdDgbhhQ,commentsDisabled
9tyxHeDNFU4,commentsDisabled
dZOBQHp2afw,commentsDisabled
n5OE5Jh8W1g,commentsDisabled
wrDQm4krpaM,commentsDisabled
G1oEY94bdWs,commentsDisabled
Lxsx5GQ5omM,commentsDisabled
NYqjucEOnNk,commentsDisabled
t4eDXS7d9tw,commentsDisabled
hBuMnYVP1S4,commentsDisabled
9A4AqYj663g,commentsDisabled
OW8ALdGzvAI,commentsDisabled
uHXyDavUaLk,commentsDisabled
pWCyTRz2fSI,commentsDisabled
x6cJ550bcZU,commentsDisabled
izNRL8hAKQs,commentsDisabled
Hh0VxTy6LWc,commentsDisabled
giayCGoigZM,commentsDisabled
kY1irHy0JGg,commentsDisabled
5jyckxAxiF8,commentsDisabled
dkabWxAEpso,commentsDisabled
x0Ew1zzSxR8,commentsDisabled
8xrsU2ChBa8,commentsDisabled
om8_GAjHLMc,commentsDisabled
ha7yNsW35wU,commentsDisabled
sXdv7OyCgCg,commentsDisabled
C2gPn0siUEA,commentsDisabled
CVhQaBIwFys,commentsDisabled
Arn1ytQ7Lns,commentsDisabled
Xy-fTTDwuyA,commentsDisabled
r6ddXosGVnU,commentsDisabled
3Xq1CKezbsA,commentsDisabled
kgeU9_Cmivc,commentsDisabled
etGEw37bxn4,commentsDisabled
3pRow7b5NA0,commentsDisabled
d7cUkACvsa8,commentsDisabled
iK7upwLQrFU,commentsDisabled
5yYOfzkKbZY,commentsDisabled
P_OY70ulOZI,commentsDisabled
Gj4L5NpyaxE,commentsDisabled
gAgGhxBKnJI,commentsDisabled
AxVdpdXnRiM,commentsDisabled
rsJ3Il6t-Y0,commentsDisabled
hzc35E0PJqM,commentsDisabled
AQohSrAc0zU,commentsDisabled
9t3_CdjrcvE,commentsDisabled
kZD8OUGe-vc,commentsDisabled
IQukOuSHUDY,commentsDisabled
GzdS_hJVbNg,commentsDisabled
GWQNX8UtQ9s,commentsDisabled
6mz4F_MBeMA,commentsDisabled
5ls6JGJgKC4,commentsDisabled
RPyQQjg7ScE,commentsDisabled
rvDt_w2QIE0,commentsDisabled
EeP7VuKto3w,commentsDisabled
J33W0uyvxuo,commentsDisabled
VpPwCgfss_A,commentsDisabled
ApXqwI9Np7E,commentsDisabled
DsnzasYaeCQ,commentsDisabled
iDU0E4HPP6g,commentsDisabled
49IGUWXwLnw,commentsDisabled
pbucp_9hk_A,commentsDisabled
Vqqr0uYC1wc,commentsDisabled
krqexaRayJU,commentsDisabled
idbUaRVNhBA,commentsDisabled
H-7XEi8CHeE,commentsDisabled
cgoCnmeJnVw,commentsDisabled
jOjh07l-K64,commentsDisabled
84-lYdFjPiA,commentsDisabled
IgLcSBDujoM,commentsDisabled
tusQ48ZZiJs,commentsDisabled
-1LFr0cveVk,commentsDisabled
Us5rc-pPe8U,commentsDisabled
NJ_-bz_FSMY,commentsDisabled
qdrW4wmNK6E,commentsDisabled
39ywYN6GvWs,commentsDisabled
e9nogfjOMZ0,commentsDisabled
htpuYdEWvP8,commentsDisabled
MIvbOvpR5V8,commentsDisabled
dqwqSHbT6JY,commentsDisabled
N1w1iTBbni8,commentsDisabled
CwG0LNNQb4w,commentsDisabled
VZdbFB5zpxY,commentsDisabled
7fAgWtD0dP4,commentsDisabled
HY1hLnnra-c,commentsDisabled
pEkebZlW9LM,commentsDisabled
B82xHGB7FuY,commentsDisabled
wZ0HKIAJoaQ,commentsDisabled
9aJKTharwzA,commentsDisabled
mmU8MvV2UOY,commentsDisabled
23ft_KC3hQo,commentsDisabled
So8ILXBd69k,commentsDisabled
WAYom3Dfzfs,commentsDisabled
Y_NHM2EgS6I,commentsDisabled
LkeoMKpqCyc,commentsDisabled
A33zpNK7LTw,commentsDisabled
LVrunB17a4E,commentsDisabled
e2rocQfw1uQ,commentsDisabled
8H5bj5HNlTw,commentsDisabled
CTkL01_WA1Q,commentsDisabled
S4N9FeDGkkQ,commentsDisabled
DOmNqLp-f4k,commentsDisabled
raXWCb-hAYI,commentsDisabled
oMgLs6m6I5c,commentsDisabled
Zx1CNxT6oGg,commentsDisabled
GU3qLw8pu7c,commentsDisabled
KAqFHUlnD6Q,commentsDisabled
PGG5q0E1qeE,commentsDisabled
suKsezhqKk4,commentsDisabled
xWWoSOtOW1E,commentsDisabled
6DPiy6yyjwY,commentsDisabled
uVHiD4puSus,commentsDisabled
pgncXkXvzkk,commentsDisabled
Mds_JCiKej0,commentsDisabled
6pw_CG6V5l8,commentsDisabled
kFyL-Rjqf9E,commentsDisabled
G6JcJiWvML8,commentsDisabled
YLY_ggZCxVo,commentsDisabled
t0Edmt2gxoE,commentsDisabled
nq6f0FZXJD4,commentsDisabled
NJSJ5-izMUA,commentsDisabled
M8n3DBMC1ik,commentsDisabled
cqv_wfc2tuU,commentsDisabled
yvgvD7s9AJI,commentsDisabled
E8JmJ9U_r98,commentsDisabled
KM2txtP4rp0,commentsDisabled
YS6bwZUMrVQ,commentsDisabled
dt--Wth4W5g,commentsDisabled
Q9bIDNrfX0Q,commentsDisabled
D9DDI6iMvTg,commentsDisabled
ldMqME5Qw_g,commentsDisabled
uOuNmEnxZJA,commentsDisabled
o2Vw8w5XYD0,commentsDisabled
FhJswT8u9Hs,commentsDisabled
OyJVRQAQaWE,commentsDisabled
8c8UBqoXG3Y,commentsDisabled
pCRKo1rAf1U,commentsDisabled
RpU_9bGqfG4,commentsDisabled
NKLh79BT-bI,commentsDisabled
lHIpZGyqp7Y,commentsDisabled
WjDhQI79mmM,commentsDisabled
e9fgWzhRXaI,commentsDisabled
crzUq8T-EfE,commentsDisabled
BsKyaJqn31w,commentsDisabled
I8mDo13zmRQ,commentsDisabled
3WUAtVqMBJo,commentsDisabled
Zn499I2InlM,commentsDisabled
KfuqrniCP8k,commentsDisabled
EUBKUeba2D8,commentsDisabled
MyCiSZxi7Oo,commentsDisabled
B7rLyS5huL8,commentsDisabled
5HjJtG4sFiY,commentsDisabled
fIGSbXx4vm0,commentsDisabled
OLIksEQv-7E,commentsDisabled
V-K8W5Cxkeg,commentsDisabled
67PKa02I0AA,commentsDisabled
W5vKVFFz9wM,commentsDisabled
0AW_1CPTqsY,commentsDisabled
hWqa2eP1Pvs,commentsDisabled
DgBKoR3P5V4,commentsDisabled
dqO4GvhGRHQ,commentsDisabled
YHn44y7a6M0,commentsDisabled
S_baQGmVSs4,commentsDisabled
jfAq83QDxbg,commentsDisabled
zRWkryqF1Ys,commentsDisabled
9-s8jK-XFIk,commentsDisabled
u4Q929yFH6k,commentsDisabled
L0Sks5DNvqs,commentsDisabled
yywsOeQ2X04,commentsDisabled
mowRQWtnATo,commentsDisabled
YQrXB0b0J3w,commentsDisabled
Wn9w6MkGhdw,commentsDisabled
4dEA3b4hLGY,commentsDisabled
7cOWwMFGPJg,commentsDisabled
NrPtpN_JYP8,commentsDisabled
f4UFtKEdYLE,commentsDisabled
tccNJ_bI7Qk,commentsDisabled
9Dg2QRxg5AE,commentsDisabled
26B868ziEDA,commentsDisabled
8UmrG96GW_o,commentsDisabled
Grh_CQ1bjYI,commentsDisabled
zGhnXbEzVa0,commentsDisabled
K0frYGwKBoQ,commentsDisabled
95vktwSZoVM,commentsDisabled
hFiyKWLNA5o,commentsDisabled
8ITaBIoDSJA,commentsDisabled
s7bktSvvMl0,commentsDisabled
P4NmYk8CO-w,commentsDisabled
srAdTcD69wY,commentsDisabled
7DD1RdT4-FY,commentsDisabled
gTLcpux-PwI,commentsDisabled
SxG85kcb4ec,commentsDisabled
xGN7oYPz_fY,commentsDisabled
6wkVExva6E4,commentsDisabled
zCF_NboH7NQ,commentsDisabled
JGef7sfr8G4,commentsDisabled
ED4wo75t7JQ,commentsDisabled
hiyD0A1Is-Q,commentsDisabled
_MljBBTLEI0,commentsDisabled
Kg05zHnhbvI,commentsDisabled
mZ2BHXkNR2c,commentsDisabled
OiXNQaMmIMU,commentsDisabled
OL2td-y6A-c,commentsDisabled
BiXtop6SxMY,commentsDisabled
wSg11DyfJTw,commentsDisabled
PHMQ4lN4Y7g,commentsDisabled
ZXt9LuW_KN0,commentsDisabled
2mJBxZ4DFxQ,commentsDisabled
C9aOLyFe2T4,commentsDisabled
bOfdwsy2mEU,commentsDisabled
XxLaGVRZ94Y,commentsDisabled
YbiYfZIFeO0,commentsDisabled
fIeZvbQLQqs,commentsDisabled
s0pkMpRbQp4,commentsDisabled
xhPCQQs4p5A,commentsDisabled
A_LGR5uxzNc,commentsDisabled
MGDGSN3ts2o,commentsDisabled
FrjJYg1mOOU,commentsDisabled
8T1QXyZXoEI,commentsDisabled
jLf_IKftP6k,commentsDisabled
jXZ8wPk9g4g,commentsDisabled
Gqf0K3Y1gFA,commentsDisabled
IDzKZ0vCbys,commentsDisabled
aSTTS1K3FKI,commentsDisabled
RbVKqOS4Wuo,commentsDisabled
Nyi_i4xePQY,commentsDisabled
49Ahwxu8EBE,commentsDisabled
aV11RiD3-ls,commentsDisabled
U79Qs-BdkaE,commentsDisabled
OnXeVabwAJA,commentsDisabled
zECH8cqCs1Y,commentsDisabled
Bbi6fhMcGME,commentsDisabled
2mWylmKuuX0,commentsDisabled
P8lf_6edh6I,commentsDisabled
rAWpaWNQcMw,commentsDisabled
ziALlBvqz98,commentsDisabled
v2-M82tRW0g,commentsDisabled
gSp300a_i6U,commentsDisabled
0EwLhxLLStE,commentsDisabled
dXqGMJC7mRA,commentsDisabled
0vR7dE8BA1I,commentsDisabled
7V5Uio9F8o0,commentsDisabled
tPjYRVigazU,commentsDisabled
qBU8DNAafoM,commentsDisabled
xJ7N7mretNg,commentsDisabled
dA85sZE7SoY,commentsDisabled
JAb2r522MFw,commentsDisabled
VpWtGFwZr3M,commentsDisabled
EFLGmWHx_0U,commentsDisabled
D4f6jT0IWm8,commentsDisabled
89eQNYbdqzs,commentsDisabled
a1QJNIV8Ago,commentsDisabled
ACV9BWy1Vzs,commentsDisabled
I0WE3teSlWY,commentsDisabled
zBpJK3WLKY0,commentsDisabled
pLQtYjQ-X5w,commentsDisabled
R6vtUfmkY3s,commentsDisabled
mp0VmEszidA,commentsDisabled
JiPOnbsUhQM,commentsDisabled
ENqkUBXRYyo,commentsDisabled
H-bve4ja6Xk,commentsDisabled
4D0T7hzZsy0,commentsDisabled
J2vPbjbUAt8,commentsDisabled
F6NPlWPIVhQ,commentsDisabled
_jNbTCUbJhg,commentsDisabled
jwa_7QmxYEo,commentsDisabled
k1-YDDVgBH4,commentsDisabled
jGYwACXnWZ8,commentsDisabled
TuR38_7Ew5o,commentsDisabled
dLPk5XJ-y74,commentsDisabled
ldh4VR84n4I,commentsDisabled
QkADxU0KcqY,commentsDisabled
kcd5ugO3bCY,commentsDisabled
vV72_tbyxNc,commentsDisabled
8S_g31M674s,commentsDisabled
gdr6oPUqXps,commentsDisabled
gvplrhWAhFc,commentsDisabled
nzA9mCorR4A,commentsDisabled
LHBIMM-wFsA,commentsDisabled
gqoBJC_0lEQ,commentsDisabled
hFKN8soj4h8,commentsDisabled
QretokZE-UM,commentsDisabled
tgZdhP3JVus,commentsDisabled
BJ9mJ0VIJM4,commentsDisabled
mvUff-OmN-w,commentsDisabled
jHT-9wely2g,commentsDisabled
b-B8grtjxjs,commentsDisabled
kAFhHaeU38A,commentsDisabled
5XfBdf6FQT4,commentsDisabled
e0IL06ZXHFs,commentsDisabled
NfoYRHvaqkQ,commentsDisabled
YvjDtjCAdJE,commentsDisabled
RJzYkMvQNrw,commentsDisabled
eHw89s7cEqo,commentsDisabled
T8F00H_VFuw,commentsDisabled
vw8K1vYlvoo,commentsDisabled
2PxwbwDiamU,commentsDisabled
jdexrepbavI,commentsDisabled
aGzDeXqV-L4,commentsDisabled
sDAMSarXTYc,commentsDisabled
LlxjD1fnC5M,commentsDisabled
zLDpplQZLsg,commentsDisabled
26NRBIUSbGA,commentsDisabled
LV76n8d0T1A,commentsDisabled
M51xsa_ZEak,commentsDisabled
RTOk_UoLEvw,commentsDisabled
HDidYFPIFAI,commentsDisabled
nZgFB6cx_T4,commentsDisabled
7ul9hCZtJH0,commentsDisabled
i6twLNWLcSI,commentsDisabled
tFDQ0pSOm4k,commentsDisabled
7wPpDz0JGDU,commentsDisabled
up91yoJPdTQ,commentsDisabled
8Bli9bM-a-Y,commentsDisabled
BKd-1bQu5pY,commentsDisabled
x8F9tfM_Ens,commentsDisabled
p6f1MvYFLuM,commentsDisabled
iJhYTLP6hRM,commentsDisabled
aOBs-PlEPTs,commentsDisabled
5r3noRvnbBI,commentsDisabled
jO-bDaZOIPY,commentsDisabled
rzTWbb8IIW8,commentsDisabled
BO89ZuOJIfs,commentsDisabled
xs4S-F8gaeM,commentsDisabled
-pkTXL3L9AE,commentsDisabled
MkQHPghS2gc,commentsDisabled
Fi5BzGUrfBQ,commentsDisabled
5EdqO0RC0ck,commentsDisabled
hvSPc6PL4DI,notFound
netEKi1gRJw,commentsDisabled
4iRijyKI3uA,commentsDisabled
cA7kQTdwSDM,commentsDisabled
hyyAztKUPdQ,commentsDisabled
MaQeVEB7sAU,commentsDisabled
W3WEMEGtK8M,commentsDisabled
j7WGA4Uf44o,commentsDisabled
S-e2vK3Fg-g,commentsDisabled
l85PyMImEII,commentsDisabled
8pYlQaqQRU8,commentsDisabled
SvzFhM9nEc0,commentsDisabled
0xZsBz1Mbo8,commentsDisabled
wgfKpkfEvDM,commentsDisabled
E63R_pIzXWs,commentsDisabled
OpG4n-FN95I,commentsDisabled
5il7YlonaCE,commentsDisabled
KhRUB9q-jYQ,commentsDisabled
YbipIjms2Do,commentsDisabled
LuM-dB2MPTo,commentsDisabled
SlZFoUZI9fI,commentsDisabled
WPhK8SSNdDc,commentsDisabled
cVW8IJ5WCeo,commentsDisabled
HlJ_Njek7qs,commentsDisabled
o9ubBcBfyuc,commentsDisabled
oMRArWZsG1Q,commentsDisabled
ZDSnrixdW2s,commentsDisabled
zoJXlaC4Zk8,commentsDisabled
lGc6yv9Y_oc,commentsDisabled
ECfkzk-VJIs,commentsDisabled
lGiR7Dw62kE,commentsDisabled
f8Iqv1e20NM,commentsDisabled
cfMABm6Uocg,commentsDisabled
hYuIfNxGR-4,commentsDisabled
jekxqVWJYlA,commentsDisabled
co5mkiuThl8,commentsDisabled
Xnb9EE823j8,commentsDisabled
Rw5Cp1czWbA,commentsDisabled
CoCUeG_-iEE,commentsDisabled
5_gCqDwlWLI,commentsDisabled
4AbWg1t4YAw,commentsDisabled
3yF9qh6-IEo,commentsDisabled
r2NmGGkF8-I,commentsDisabled
nOUfNQsRDwc,commentsDisabled
KFgmn4wQdT4,commentsDisabled
68KPMtEtFHY,commentsDisabled
862MHBm-5Iw,commentsDisabled
iY4htNG4MWU,commentsDisabled
3-TBjPQBNZ4,commentsDisabled
c2gJsj0kRH4,commentsDisabled
AqC7IfQ41uY,commentsDisabled
dEI6rCIrnyc,commentsDisabled
1EWTzsqBRwk,commentsDisabled
HX8bGIwN6Q4,commentsDisabled
-XRqaDk40hg,commentsDisabled
Yq0NnINcIcQ,commentsDisabled
wvN6G9NFjMI,commentsDisabled
fCALnM5U4TI,commentsDisabled
9Sw-3-ybGTQ,commentsDisabled
xXrZjObDRRs,commentsDisabled
fbnDYYxcjV0,commentsDisabled
WN9SgVyozvA,commentsDisabled
kBSlBrWGm50,commentsDisabled
SFjo4M3uvuU,commentsDisabled
CPCMZI7LSN0,commentsDisabled
NAdveqaab_g,commentsDisabled
42o1PjL_vZw,commentsDisabled
7RPGdDgbhhQ,commentsDisabled
9tyxHeDNFU4,commentsDisabled
dZOBQHp2afw,commentsDisabled
n5OE5Jh8W1g,commentsDisabled
wrDQm4krpaM,commentsDisabled
G1oEY94bdWs,commentsDisabled
Lxsx5GQ5omM,commentsDisabled
NYqjucEOnNk,commentsDisabled
t4eDXS7d9tw,commentsDisabled
hBuMnYVP1S4,commentsDisabled
9A4AqYj663g,commentsDisabled
OW8ALdGzvAI,commentsDisabled
uHXyDavUaLk,commentsDisabled
pWCyTRz2fSI,commentsDisabled
x6cJ550bcZU,commentsDisabled
izNRL8hAKQs,commentsDisabled
Hh0VxTy6LWc,commentsDisabled
giayCGoigZM,commentsDisabled
kY1irHy0JGg,commentsDisabled
5jyckxAxiF8,commentsDisabled
dkabWxAEpso,commentsDisabled
x0Ew1zzSxR8,commentsDisabled
8xrsU2ChBa8,commentsDisabled
om8_GAjHLMc,commentsDisabled
ha7yNsW35wU,commentsDisabled
sXdv7OyCgCg,commentsDisabled
C2gPn0siUEA,commentsDisabled
CVhQaBIwFys,commentsDisabled
Arn1ytQ7Lns,commentsDisabled
Xy-fTTDwuyA,commentsDisabled
r6ddXosGVnU,commentsDisabled
3Xq1CKezbsA,commentsDisabled
kgeU9_Cmivc,commentsDisabled
etGEw37bxn4,commentsDisabled
3pRow7b5NA0,commentsDisabled
d7cUkACvsa8,commentsDisabled
iK7upwLQrFU,commentsDisabled
5yYOfzkKbZY,commentsDisabled
P_OY70ulOZI,commentsDisabled
Gj4L5NpyaxE,commentsDisabled
gAgGhxBKnJI,commentsDisabled
AxVdpdXnRiM,commentsDisabled
rsJ3Il6t-Y0,commentsDisabled
hzc35E0PJqM,commentsDisabled
AQohSrAc0zU,commentsDisabled
9t3_CdjrcvE,commentsDisabled
kZD8OUGe-vc,commentsDisabled
IQukOuSHUDY,commentsDisabled
GzdS_hJVbNg,commentsDisabled
GWQNX8UtQ9s,commentsDisabled
6mz4F_MBeMA,commentsDisabled
5ls6JGJgKC4,commentsDisabled
RPyQQjg7ScE,commentsDisabled
rvDt_w2QIE0,commentsDisabled
EeP7VuKto3w,commentsDisabled
J33W0uyvxuo,commentsDisabled
VpPwCgfss_A,commentsDisabled
ApXqwI9Np7E,commentsDisabled
DsnzasYaeCQ,commentsDisabled
iDU0E4HPP6g,commentsDisabled
49IGUWXwLnw,commentsDisabled
pbucp_9hk_A,commentsDisabled
Vqqr0uYC1wc,commentsDisabled
krqexaRayJU,commentsDisabled
idbUaRVNhBA,commentsDisabled
H-7XEi8CHeE,commentsDisabled
cgoCnmeJnVw,commentsDisabled
jOjh07l-K64,commentsDisabled
84-lYdFjPiA,commentsDisabled
IgLcSBDujoM,commentsDisabled
tusQ48ZZiJs,commentsDisabled
-1LFr0cveVk,commentsDisabled
Us5rc-pPe8U,commentsDisabled
NJ_-bz_FSMY,commentsDisabled
qdrW4wmNK6E,commentsDisabled
39ywYN6GvWs,commentsDisabled
e9nogfjOMZ0,commentsDisabled
htpuYdEWvP8,commentsDisabled
MIvbOvpR5V8,commentsDisabled
dqwqSHbT6JY,commentsDisabled
N1w1iTBbni8,commentsDisabled
CwG0LNNQb4w,commentsDisabled
VZdbFB5zpxY,commentsDisabled
7fAgWtD0dP4,commentsDisabled
HY1hLnnra-c,commentsDisabled
pEkebZlW9LM,commentsDisabled
B82xHGB7FuY,commentsDisabled
wZ0HKIAJoaQ,commentsDisabled
9aJKTharwzA,commentsDisabled
mmU8MvV2UOY,commentsDisabled
23ft_KC3hQo,commentsDisabled
So8ILXBd69k,commentsDisabled
WAYom3Dfzfs,commentsDisabled
Y_NHM2EgS6I,commentsDisabled
LkeoMKpqCyc,commentsDisabled
A33zpNK7LTw,commentsDisabled
LVrunB17a4E,commentsDisabled
e2rocQfw1uQ,commentsDisabled
8H5bj5HNlTw,commentsDisabled
CTkL01_WA1Q,commentsDisabled
S4N9FeDGkkQ,commentsDisabled
DOmNqLp-f4k,commentsDisabled
raXWCb-hAYI,commentsDisabled
oMgLs6m6I5c,commentsDisabled
Zx1CNxT6oGg,commentsDisabled
GU3qLw8pu7c,commentsDisabled
KAqFHUlnD6Q,commentsDisabled
PGG5q0E1qeE,commentsDisabled
suKsezhqKk4,commentsDisabled
xWWoSOtOW1E,commentsDisabled
6DPiy6yyjwY,commentsDisabled
uVHiD4puSus,commentsDisabled
pgncXkXvzkk,commentsDisabled
Mds_JCiKej0,commentsDisabled
6pw_CG6V5l8,commentsDisabled
kFyL-Rjqf9E,commentsDisabled
G6JcJiWvML8,commentsDisabled
YLY_ggZCxVo,commentsDisabled
t0Edmt2gxoE,commentsDisabled
nq6f0FZXJD4,commentsDisabled
NJSJ5-izMUA,commentsDisabled
M8n3DBMC1ik,commentsDisabled
cqv_wfc2tuU,commentsDisabled
yvgvD7s9AJI,commentsDisabled
E8JmJ9U_r98,commentsDisabled
KM2txtP4rp0,commentsDisabled
YS6bwZUMrVQ,commentsDisabled
dt--Wth4W5g,commentsDisabled
Q9bIDNrfX0Q,commentsDisabled
D9DDI6iMvTg,commentsDisabled
ldMqME5Qw_g,commentsDisabled
uOuNmEnxZJA,commentsDisabled
o2Vw8w5XYD0,commentsDisabled
FhJswT8u9Hs,commentsDisabled
OyJVRQAQaWE,commentsDisabled
8c8UBqoXG3Y,commentsDisabled
pCRKo1rAf1U,commentsDisabled
RpU_9bGqfG4,commentsDisabled
NKLh79BT-bI,commentsDisabled
lHIpZGyqp7Y,commentsDisabled
WjDhQI79mmM,commentsDisabled
e9fgWzhRXaI,commentsDisabled
crzUq8T-EfE,commentsDisabled
BsKyaJqn31w,commentsDisabled
I8mDo13zmRQ,commentsDisabled
3WUAtVqMBJo,commentsDisabled
Zn499I2InlM,commentsDisabled
KfuqrniCP8k,commentsDisabled
EUBKUeba2D8,commentsDisabled
MyCiSZxi7Oo,commentsDisabled
B7rLyS5huL8,commentsDisabled
5HjJtG4sFiY,commentsDisabled
fIGSbXx4vm0,commentsDisabled
OLIksEQv-7E,commentsDisabled
V-K8W5Cxkeg,commentsDisabled
67PKa02I0AA,commentsDisabled
W5vKVFFz9wM,commentsDisabled
0AW_1CPTqsY,commentsDisabled
hWqa2eP1Pvs,commentsDisabled
DgBKoR3P5V4,commentsDisabled
dqO4GvhGRHQ,commentsDisabled
YHn44y7a6M0,commentsDisabled
S_baQGmVSs4,commentsDisabled
jfAq83QDxbg,commentsDisabled
zRWkryqF1Ys,commentsDisabled
9-s8jK-XFIk,commentsDisabled
u4Q929yFH6k,commentsDisabled
L0Sks5DNvqs,commentsDisabled
yywsOeQ2X04,commentsDisabled
mowRQWtnATo,commentsDisabled
YQrXB0b0J3w,commentsDisabled
Wn9w6MkGhdw,commentsDisabled
4dEA3b4hLGY,commentsDisabled
7cOWwMFGPJg,commentsDisabled
NrPtpN_JYP8,commentsDisabled
f4UFtKEdYLE,commentsDisabled
tccNJ_bI7Qk,commentsDisabled
9Dg2QRxg5AE,commentsDisabled
26B868ziEDA,commentsDisabled
8UmrG96GW_o,commentsDisabled
Grh_CQ1bjYI,commentsDisabled
zGhnXbEzVa0,commentsDisabled
K0frYGwKBoQ,commentsDisabled
95vktwSZoVM,commentsDisabled
hFiyKWLNA5o,commentsDisabled
8ITaBIoDSJA,commentsDisabled
s7bktSvvMl0,commentsDisabled
P4NmYk8CO-w,commentsDisabled
srAdTcD69wY,commentsDisabled
7DD1RdT4-FY,commentsDisabled
gTLcpux-PwI,commentsDisabled
SxG85kcb4ec,commentsDisabled
xGN7oYPz_fY,commentsDisabled
6wkVExva6E4,commentsDisabled
zCF_NboH7NQ,commentsDisabled
JGef7sfr8G4,commentsDisabled
ED4wo75t7JQ,commentsDisabled
hiyD0A1Is-Q,commentsDisabled
_MljBBTLEI0,commentsDisabled
Kg05zHnhbvI,commentsDisabled
mZ2BHXkNR2c,commentsDisabled
OiXNQaMmIMU,commentsDisabled
OL2td-y6A-c,commentsDisabled
BiXtop6SxMY,commentsDisabled
wSg11DyfJTw,commentsDisabled
PHMQ4lN4Y7g,commentsDisabled
ZXt9LuW_KN0,commentsDisabled
2mJBxZ4DFxQ,commentsDisabled
C9aOLyFe2T4,commentsDisabled
bOfdwsy2mEU,commentsDisabled
XxLaGVRZ94Y,commentsDisabled
YbiYfZIFeO0,commentsDisabled
fIeZvbQLQqs,commentsDisabled
s0pkMpRbQp4,commentsDisabled
xhPCQQs4p5A,commentsDisabled
A_LGR5uxzNc,commentsDisabled
MGDGSN3ts2o,commentsDisabled
FrjJYg1mOOU,commentsDisabled
8T1QXyZXoEI,commentsDisabled
jLf_IKftP6k,commentsDisabled
jXZ8wPk9g4g,commentsDisabled
Gqf0K3Y1gFA,commentsDisabled
IDzKZ0vCbys,commentsDisabled
aSTTS1K3FKI,commentsDisabled
RbVKqOS4Wuo,commentsDisabled
Nyi_i4xePQY,commentsDisabled
49Ahwxu8EBE,commentsDisabled
aV11RiD3-ls,commentsDisabled
U79Qs-BdkaE,commentsDisabled
OnXeVabwAJA,commentsDisabled
zECH8cqCs1Y,commentsDisabled
Bbi6fhMcGME,commentsDisabled
2mWylmKuuX0,commentsDisabled
P8lf_6edh6I,commentsDisabled
rAWpaWNQcMw,commentsDisabled
ziALlBvqz98,commentsDisabled
v2-M82tRW0g,commentsDisabled
gSp300a_i6U,commentsDisabled
0EwLhxLLStE,commentsDisabled
dXqGMJC7mRA,commentsDisabled
0vR7dE8BA1I,commentsDisabled
7V5Uio9F8o0,commentsDisabled
tPjYRVigazU,commentsDisabled
qBU8DNAafoM,commentsDisabled
xJ7N7mretNg,commentsDisabled
dA85sZE7SoY,commentsDisabled
JAb2r522MFw,commentsDisabled
VpWtGFwZr3M,commentsDisabled
EFLGmWHx_0U,commentsDisabled
D4f6jT0IWm8,commentsDisabled
89eQNYbdqzs,commentsDisabled
a1QJNIV8Ago,commentsDisabled
ACV9BWy1Vzs,commentsDisabled
I0WE3teSlWY,commentsDisabled
zBpJK3WLKY0,commentsDisabled
pLQtYjQ-X5w,commentsDisabled
R6vtUfmkY3s,commentsDisabled
mp0VmEszidA,commentsDisabled
JiPOnbsUhQM,commentsDisabled
ENqkUBXRYyo,commentsDisabled
H-bve4ja6Xk,commentsDisabled
4D0T7hzZsy0,commentsDisabled
J2vPbjbUAt8,commentsDisabled
F6NPlWPIVhQ,commentsDisabled
_jNbTCUbJhg,commentsDisabled
jwa_7QmxYEo,commentsDisabled
k1-YDDVgBH4,commentsDisabled
jGYwACXnWZ8,commentsDisabled
TuR38_7Ew5o,commentsDisabled
dLPk5XJ-y74,commentsDisabled
ldh4VR84n4I,commentsDisabled
QkADxU0KcqY,commentsDisabled
kcd5ugO3bCY,commentsDisabled
vV72_tbyxNc,commentsDisabled
8S_g31M674s,commentsDisabled
gdr6oPUqXps,commentsDisabled
gvplrhWAhFc,commentsDisabled
nzA9mCorR4A,commentsDisabled
LHBIMM-wFsA,commentsDisabled
gqoBJC_0lEQ,commentsDisabled
hFKN8soj4h8,commentsDisabled
QretokZE-UM,commentsDisabled
tgZdhP3JVus,commentsDisabled
BJ9mJ0VIJM4,commentsDisabled
mvUff-OmN-w,commentsDisabled
jHT-9wely2g,commentsDisabled
b-B8grtjxjs,commentsDisabled
kAFhHaeU38A,commentsDisabled
5XfBdf6FQT4,commentsDisabled
e0IL06ZXHFs,commentsDisabled
NfoYRHvaqkQ,commentsDisabled
YvjDtjCAdJE,commentsDisabled
RJzYkMvQNrw,commentsDisabled
eHw89s7cEqo,commentsDisabled
T8F00H_VFuw,commentsDisabled
vw8K1vYlvoo,commentsDisabled
2PxwbwDiamU,commentsDisabled
jdexrepbavI,commentsDisabled
aGzDeXqV-L4,commentsDisabled
sDAMSarXTYc,commentsDisabled
LlxjD1fnC5M,commentsDisabled
zLDpplQZLsg,commentsDisabled
26NRBIUSbGA,commentsDisabled
LV76n8d0T1A,commentsDisabled
M51xsa_ZEak,commentsDisabled
RTOk_UoLEvw,commentsDisabled
HDidYFPIFAI,commentsDisabled
nZgFB6cx_T4,commentsDisabled
7ul9hCZtJH0,commentsDisabled
i6twLNWLcSI,commentsDisabled
tFDQ0pSOm4k,commentsDisabled
7wPpDz0JGDU,commentsDisabled
up91yoJPdTQ,commentsDisabled
8Bli9bM-a-Y,commentsDisabled
BKd-1bQu5pY,commentsDisabled
x8F9tfM_Ens,commentsDisabled
p6f1MvYFLuM,commentsDisabled
iJhYTLP6hRM,commentsDisabled
aOBs-PlEPTs,commentsDisabled
5r3noRvnbBI,commentsDisabled
jO-bDaZOIPY,commentsDisabled
rzTWbb8IIW8,commentsDisabled
BO89ZuOJIfs,commentsDisabled
xs4S-F8gaeM,commentsDisabled
-pkTXL3L9AE,commentsDisabled
MkQHPghS2gc,commentsDisabled
Fi5BzGUrfBQ,commentsDisabled
5EdqO0RC0ck,commentsDisabled
hvSPc6PL4DI,notFound
netEKi1gRJw,commentsDisabled
4iRijyKI3uA,commentsDisabled
cA7kQTdwSDM,commentsDisabled
hyyAztKUPdQ,commentsDisabled
MaQeVEB7sAU,commentsDisabled
W3WEMEGtK8M,commentsDisabled
j7WGA4Uf44o,commentsDisabled
S-e2vK3Fg-g,commentsDisabled
l85PyMImEII,commentsDisabled
8pYlQaqQRU8,commentsDisabled
SvzFhM9nEc0,commentsDisabled
0xZsBz1Mbo8,commentsDisabled
wgfKpkfEvDM,commentsDisabled
E63R_pIzXWs,commentsDisabled
OpG4n-FN95I,commentsDisabled
5il7YlonaCE,commentsDisabled
KhRUB9q-jYQ,commentsDisabled
YbipIjms2Do,commentsDisabled
LuM-dB2MPTo,commentsDisabled
SlZFoUZI9fI,commentsDisabled
WPhK8SSNdDc,commentsDisabled
cVW8IJ5WCeo,commentsDisabled
HlJ_Njek7qs,commentsDisabled
o9ubBcBfyuc,commentsDisabled
oMRArWZsG1Q,commentsDisabled
ZDSnrixdW2s,commentsDisabled
zoJXlaC4Zk8,commentsDisabled
lGc6yv9Y_oc,commentsDisabled
ECfkzk-VJIs,commentsDisabled
lGiR7Dw62kE,commentsDisabled
f8Iqv1e20NM,commentsDisabled
cfMABm6Uocg,commentsDisabled
hYuIfNxGR-4,commentsDisabled
jekxqVWJYlA,commentsDisabled
co5mkiuThl8,commentsDisabled
Xnb9EE823j8,commentsDisabled
Rw5Cp1czWbA,commentsDisabled
CoCUeG_-iEE,commentsDisabled
5_gCqDwlWLI,commentsDisabled
4AbWg1t4YAw,commentsDisabled
3yF9qh6-IEo,commentsDisabled
r2NmGGkF8-I,commentsDisabled
nOUfNQsRDwc,commentsDisabled
KFgmn4wQdT4,commentsDisabled
68KPMtEtFHY,commentsDisabled
862MHBm-5Iw,commentsDisabled
iY4htNG4MWU,commentsDisabled
3-TBjPQBNZ4,commentsDisabled
c2gJsj0kRH4,commentsDisabled
AqC7IfQ41uY,commentsDisabled
dEI6rCIrnyc,commentsDisabled
1EWTzsqBRwk,commentsDisabled
HX8bGIwN6Q4,commentsDisabled
-XRqaDk40hg,commentsDisabled
Yq0NnINcIcQ,commentsDisabled
wvN6G9NFjMI,commentsDisabled
fCALnM5U4TI,commentsDisabled
9Sw-3-ybGTQ,commentsDisabled
xXrZjObDRRs,commentsDisabled
fbnDYYxcjV0,commentsDisabled
WN9SgVyozvA,commentsDisabled
kBSlBrWGm50,commentsDisabled
SFjo4M3uvuU,commentsDisabled
CPCMZI7LSN0,commentsDisabled
NAdveqaab_g,commentsDisabled
42o1PjL_vZw,commentsDisabled
7RPGdDgbhhQ,commentsDisabled
9tyxHeDNFU4,commentsDisabled
dZOBQHp2afw,commentsDisabled
n5OE5Jh8W1g,commentsDisabled
wrDQm4krpaM,commentsDisabled
G1oEY94bdWs,commentsDisabled
Lxsx5GQ5omM,commentsDisabled
NYqjucEOnNk,commentsDisabled
t4eDXS7d9tw,commentsDisabled
hBuMnYVP1S4,commentsDisabled
9A4AqYj663g,commentsDisabled
OW8ALdGzvAI,commentsDisabled
uHXyDavUaLk,commentsDisabled
pWCyTRz2fSI,commentsDisabled
x6cJ550bcZU,commentsDisabled
izNRL8hAKQs,commentsDisabled
Hh0VxTy6LWc,commentsDisabled
giayCGoigZM,commentsDisabled
kY1irHy0JGg,commentsDisabled
5jyckxAxiF8,commentsDisabled
dkabWxAEpso,commentsDisabled
x0Ew1zzSxR8,commentsDisabled
8xrsU2ChBa8,commentsDisabled
om8_GAjHLMc,commentsDisabled
ha7yNsW35wU,commentsDisabled
sXdv7OyCgCg,commentsDisabled
C2gPn0siUEA,commentsDisabled
CVhQaBIwFys,commentsDisabled
Arn1ytQ7Lns,commentsDisabled
Xy-fTTDwuyA,commentsDisabled
r6ddXosGVnU,commentsDisabled
3Xq1CKezbsA,commentsDisabled
kgeU9_Cmivc,commentsDisabled
etGEw37bxn4,commentsDisabled
3pRow7b5NA0,commentsDisabled
d7cUkACvsa8,commentsDisabled
iK7upwLQrFU,commentsDisabled
5yYOfzkKbZY,commentsDisabled
P_OY70ulOZI,commentsDisabled
Gj4L5NpyaxE,commentsDisabled
gAgGhxBKnJI,commentsDisabled
AxVdpdXnRiM,commentsDisabled
rsJ3Il6t-Y0,commentsDisabled
hzc35E0PJqM,commentsDisabled
AQohSrAc0zU,commentsDisabled
9t3_CdjrcvE,commentsDisabled
kZD8OUGe-vc,commentsDisabled
IQukOuSHUDY,commentsDisabled
GzdS_hJVbNg,commentsDisabled
GWQNX8UtQ9s,commentsDisabled
6mz4F_MBeMA,commentsDisabled
5ls6JGJgKC4,commentsDisabled
RPyQQjg7ScE,commentsDisabled
rvDt_w2QIE0,commentsDisabled
EeP7VuKto3w,commentsDisabled
J33W0uyvxuo,commentsDisabled
VpPwCgfss_A,commentsDisabled
ApXqwI9Np7E,commentsDisabled
DsnzasYaeCQ,commentsDisabled
iDU0E4HPP6g,commentsDisabled
49IGUWXwLnw,commentsDisabled
pbucp_9hk_A,commentsDisabled
Vqqr0uYC1wc,commentsDisabled
krqexaRayJU,commentsDisabled
idbUaRVNhBA,commentsDisabled
H-7XEi8CHeE,commentsDisabled
cgoCnmeJnVw,commentsDisabled
jOjh07l-K64,commentsDisabled
84-lYdFjPiA,commentsDisabled
IgLcSBDujoM,commentsDisabled
tusQ48ZZiJs,commentsDisabled
-1LFr0cveVk,commentsDisabled
Us5rc-pPe8U,commentsDisabled
NJ_-bz_FSMY,commentsDisabled
qdrW4wmNK6E,commentsDisabled
39ywYN6GvWs,commentsDisabled
e9nogfjOMZ0,commentsDisabled
htpuYdEWvP8,commentsDisabled
MIvbOvpR5V8,commentsDisabled
dqwqSHbT6JY,commentsDisabled
N1w1iTBbni8,commentsDisabled
CwG0LNNQb4w,commentsDisabled
VZdbFB5zpxY,commentsDisabled
7fAgWtD0dP4,commentsDisabled
HY1hLnnra-c,commentsDisabled
pEkebZlW9LM,commentsDisabled
B82xHGB7FuY,commentsDisabled
wZ0HKIAJoaQ,commentsDisabled
9aJKTharwzA,commentsDisabled
mmU8MvV2UOY,commentsDisabled
23ft_KC3hQo,commentsDisabled
So8ILXBd69k,commentsDisabled
WAYom3Dfzfs,commentsDisabled
Y_NHM2EgS6I,commentsDisabled
LkeoMKpqCyc,commentsDisabled
A33zpNK7LTw,commentsDisabled
LVrunB17a4E,commentsDisabled
e2rocQfw1uQ,commentsDisabled
8H5bj5HNlTw,commentsDisabled
CTkL01_WA1Q,commentsDisabled
S4N9FeDGkkQ,commentsDisabled
DOmNqLp-f4k,commentsDisabled
raXWCb-hAYI,commentsDisabled
oMgLs6m6I5c,commentsDisabled
Zx1CNxT6oGg,commentsDisabled
GU3qLw8pu7c,commentsDisabled
KAqFHUlnD6Q,commentsDisabled
PGG5q0E1qeE,commentsDisabled
suKsezhqKk4,commentsDisabled
xWWoSOtOW1E,commentsDisabled
6DPiy6yyjwY,commentsDisabled
uVHiD4puSus,commentsDisabled
pgncXkXvzkk,commentsDisabled
Mds_JCiKej0,commentsDisabled
6pw_CG6V5l8,commentsDisabled
kFyL-Rjqf9E,commentsDisabled
G6JcJiWvML8,commentsDisabled
YLY_ggZCxVo,commentsDisabled
t0Edmt2gxoE,commentsDisabled
nq6f0FZXJD4,commentsDisabled
NJSJ5-izMUA,commentsDisabled
M8n3DBMC1ik,commentsDisabled
cqv_wfc2tuU,commentsDisabled
yvgvD7s9AJI,commentsDisabled
E8JmJ9U_r98,commentsDisabled
KM2txtP4rp0,commentsDisabled
YS6bwZUMrVQ,commentsDisabled
dt--Wth4W5g,commentsDisabled
Q9bIDNrfX0Q,commentsDisabled
D9DDI6iMvTg,commentsDisabled
ldMqME5Qw_g,commentsDisabled
uOuNmEnxZJA,commentsDisabled
o2Vw8w5XYD0,commentsDisabled
FhJswT8u9Hs,commentsDisabled
OyJVRQAQaWE,commentsDisabled
8c8UBqoXG3Y,commentsDisabled
pCRKo1rAf1U,commentsDisabled
RpU_9bGqfG4,commentsDisabled
NKLh79BT-bI,commentsDisabled
lHIpZGyqp7Y,commentsDisabled
WjDhQI79mmM,commentsDisabled
e9fgWzhRXaI,commentsDisabled
crzUq8T-EfE,commentsDisabled
BsKyaJqn31w,commentsDisabled
I8mDo13zmRQ,commentsDisabled
3WUAtVqMBJo,commentsDisabled
Zn499I2InlM,commentsDisabled
KfuqrniCP8k,commentsDisabled
EUBKUeba2D8,commentsDisabled
MyCiSZxi7Oo,commentsDisabled
B7rLyS5huL8,commentsDisabled
5HjJtG4sFiY,commentsDisabled
fIGSbXx4vm0,commentsDisabled
OLIksEQv-7E,commentsDisabled
V-K8W5Cxkeg,commentsDisabled
67PKa02I0AA,commentsDisabled
W5vKVFFz9wM,commentsDisabled
0AW_1CPTqsY,commentsDisabled
hWqa2eP1Pvs,commentsDisabled
DgBKoR3P5V4,commentsDisabled
dqO4GvhGRHQ,commentsDisabled
YHn44y7a6M0,commentsDisabled
S_baQGmVSs4,commentsDisabled
jfAq83QDxbg,commentsDisabled
zRWkryqF1Ys,commentsDisabled
9-s8jK-XFIk,commentsDisabled
u4Q929yFH6k,commentsDisabled
L0Sks5DNvqs,commentsDisabled
yywsOeQ2X04,commentsDisabled
mowRQWtnATo,commentsDisabled
YQrXB0b0J3w,commentsDisabled
Wn9w6MkGhdw,commentsDisabled
4dEA3b4hLGY,commentsDisabled
7cOWwMFGPJg,commentsDisabled
NrPtpN_JYP8,commentsDisabled
f4UFtKEdYLE,commentsDisabled
tccNJ_bI7Qk,commentsDisabled
9Dg2QRxg5AE,commentsDisabled
26B868ziEDA,commentsDisabled
8UmrG96GW_o,commentsDisabled
Grh_CQ1bjYI,commentsDisabled
zGhnXbEzVa0,commentsDisabled
K0frYGwKBoQ,commentsDisabled
95vktwSZoVM,commentsDisabled
hFiyKWLNA5o,commentsDisabled
8ITaBIoDSJA,commentsDisabled
s7bktSvvMl0,commentsDisabled
P4NmYk8CO-w,commentsDisabled
srAdTcD69wY,commentsDisabled
7DD1RdT4-FY,commentsDisabled
gTLcpux-PwI,commentsDisabled
SxG85kcb4ec,commentsDisabled
xGN7oYPz_fY,commentsDisabled
6wkVExva6E4,commentsDisabled
zCF_NboH7NQ,commentsDisabled
JGef7sfr8G4,commentsDisabled
ED4wo75t7JQ,commentsDisabled
hiyD0A1Is-Q,commentsDisabled
_MljBBTLEI0,commentsDisabled
Kg05zHnhbvI,commentsDisabled
mZ2BHXkNR2c,commentsDisabled
OiXNQaMmIMU,commentsDisabled
OL2td-y6A-c,commentsDisabled
BiXtop6SxMY,commentsDisabled
wSg11DyfJTw,commentsDisabled
PHMQ4lN4Y7g,commentsDisabled
ZXt9LuW_KN0,commentsDisabled
2mJBxZ4DFxQ,commentsDisabled
C9aOLyFe2T4,commentsDisabled
bOfdwsy2mEU,commentsDisabled
XxLaGVRZ94Y,commentsDisabled
YbiYfZIFeO0,commentsDisabled
fIeZvbQLQqs,commentsDisabled
s0pkMpRbQp4,commentsDisabled
xhPCQQs4p5A,commentsDisabled
A_LGR5uxzNc,commentsDisabled
MGDGSN3ts2o,commentsDisabled
FrjJYg1mOOU,commentsDisabled
8T1QXyZXoEI,commentsDisabled
jLf_IKftP6k,commentsDisabled
jXZ8wPk9g4g,commentsDisabled
Gqf0K3Y1gFA,commentsDisabled
IDzKZ0vCbys,commentsDisabled
aSTTS1K3FKI,commentsDisabled
RbVKqOS4Wuo,commentsDisabled
Nyi_i4xePQY,commentsDisabled
49Ahwxu8EBE,commentsDisabled
aV11RiD3-ls,commentsDisabled
U79Qs-BdkaE,commentsDisabled
OnXeVabwAJA,commentsDisabled
zECH8cqCs1Y,commentsDisabled
Bbi6fhMcGME,commentsDisabled
2mWylmKuuX0,commentsDisabled
P8lf_6edh6I,commentsDisabled
rAWpaWNQcMw,commentsDisabled
ziALlBvqz98,commentsDisabled
v2-M82tRW0g,commentsDisabled
gSp300a_i6U,commentsDisabled
0EwLhxLLStE,commentsDisabled
dXqGMJC7mRA,commentsDisabled
0vR7dE8BA1I,commentsDisabled
7V5Uio9F8o0,commentsDisabled
tPjYRVigazU,commentsDisabled
qBU8DNAafoM,commentsDisabled
xJ7N7mretNg,commentsDisabled
dA85sZE7SoY,commentsDisabled
JAb2r522MFw,commentsDisabled
VpWtGFwZr3M,commentsDisabled
EFLGmWHx_0U,commentsDisabled
D4f6jT0IWm8,commentsDisabled
89eQNYbdqzs,commentsDisabled
a1QJNIV8Ago,commentsDisabled
ACV9BWy1Vzs,commentsDisabled
I0WE3teSlWY,commentsDisabled
zBpJK3WLKY0,commentsDisabled
pLQtYjQ-X5w,commentsDisabled
R6vtUfmkY3s,commentsDisabled
mp0VmEszidA,commentsDisabled
JiPOnbsUhQM,commentsDisabled
ENqkUBXRYyo,commentsDisabled
H-bve4ja6Xk,commentsDisabled
4D0T7hzZsy0,commentsDisabled
J2vPbjbUAt8,commentsDisabled
F6NPlWPIVhQ,commentsDisabled
_jNbTCUbJhg,commentsDisabled
jwa_7QmxYEo,commentsDisabled
k1-YDDVgBH4,commentsDisabled
jGYwACXnWZ8,commentsDisabled
TuR38_7Ew5o,commentsDisabled
dLPk5XJ-y74,commentsDisabled
ldh4VR84n4I,commentsDisabled
QkADxU0KcqY,commentsDisabled
kcd5ugO3bCY,commentsDisabled
vV72_tbyxNc,commentsDisabled
8S_g31M674s,commentsDisabled
gdr6oPUqXps,commentsDisabled
gvplrhWAhFc,commentsDisabled
nzA9mCorR4A,commentsDisabled
LHBIMM-wFsA,commentsDisabled
gqoBJC_0lEQ,commentsDisabled
hFKN8soj4h8,commentsDisabled
QretokZE-UM,commentsDisabled
tgZdhP3JVus,commentsDisabled
BJ9mJ0VIJM4,commentsDisabled
mvUff-OmN-w,commentsDisabled
jHT-9wely2g,commentsDisabled
b-B8grtjxjs,commentsDisabled
kAFhHaeU38A,commentsDisabled
5XfBdf6FQT4,commentsDisabled
e0IL06ZXHFs,commentsDisabled
NfoYRHvaqkQ,commentsDisabled
YvjDtjCAdJE,commentsDisabled
RJzYkMvQNrw,commentsDisabled
eHw89s7cEqo,commentsDisabled
T8F00H_VFuw,commentsDisabled
vw8K1vYlvoo,commentsDisabled
2PxwbwDiamU,commentsDisabled
jdexrepbavI,commentsDisabled
aGzDeXqV-L4,commentsDisabled
sDAMSarXTYc,commentsDisabled
LlxjD1fnC5M,commentsDisabled
zLDpplQZLsg,commentsDisabled
26NRBIUSbGA,commentsDisabled
LV76n8d0T1A,commentsDisabled
M51xsa_ZEak,commentsDisabled
RTOk_UoLEvw,commentsDisabled
HDidYFPIFAI,commentsDisabled
nZgFB6cx_T4,commentsDisabled
7ul9hCZtJH0,commentsDisabled
i6twLNWLcSI,commentsDisabled
tFDQ0pSOm4k,commentsDisabled
7wPpDz0JGDU,commentsDisabled
up91yoJPdTQ,commentsDisabled
8Bli9bM-a-Y,commentsDisabled
BKd-1bQu5pY,commentsDisabled
x8F9tfM_Ens,commentsDisabled
p6f1MvYFLuM,commentsDisabled
iJhYTLP6hRM,commentsDisabled
aOBs-PlEPTs,commentsDisabled
5r3noRvnbBI,commentsDisabled
jO-bDaZOIPY,commentsDisabled
rzTWbb8IIW8,commentsDisabled
BO89ZuOJIfs,commentsDisabled
xs4S-F8gaeM,commentsDisabled
-pkTXL3L9AE,commentsDisabled
MkQHPghS2gc,commentsDisabled
Fi5BzGUrfBQ,commentsDisabled
5EdqO0RC0ck,commentsDisabled
hvSPc6PL4DI,notFound
netEKi1gRJw,commentsDisabled
4iRijyKI3uA,commentsDisabled
cA7kQTdwSDM,commentsDisabled
hyyAztKUPdQ,commentsDisabled
MaQeVEB7sAU,commentsDisabled
W3WEMEGtK8M,commentsDisabled
j7WGA4Uf44o,commentsDisabled
S-e2vK3Fg-g,commentsDisabled
l85PyMImEII,commentsDisabled
8pYlQaqQRU8,commentsDisabled
SvzFhM9nEc0,commentsDisabled
0xZsBz1Mbo8,commentsDisabled
wgfKpkfEvDM,commentsDisabled
E63R_pIzXWs,commentsDisabled
OpG4n-FN95I,commentsDisabled
5il7YlonaCE,commentsDisabled
KhRUB9q-jYQ,commentsDisabled
YbipIjms2Do,commentsDisabled
LuM-dB2MPTo,commentsDisabled
SlZFoUZI9fI,commentsDisabled
WPhK8SSNdDc,commentsDisabled
cVW8IJ5WCeo,commentsDisabled
HlJ_Njek7qs,commentsDisabled
o9ubBcBfyuc,commentsDisabled
oMRArWZsG1Q,commentsDisabled
ZDSnrixdW2s,commentsDisabled
zoJXlaC4Zk8,commentsDisabled
lGc6yv9Y_oc,commentsDisabled
ECfkzk-VJIs,commentsDisabled
lGiR7Dw62kE,commentsDisabled
f8Iqv1e20NM,commentsDisabled
cfMABm6Uocg,commentsDisabled
hYuIfNxGR-4,commentsDisabled
jekxqVWJYlA,commentsDisabled
co5mkiuThl8,commentsDisabled
Xnb9EE823j8,commentsDisabled
Rw5Cp1czWbA,commentsDisabled
CoCUeG_-iEE,commentsDisabled
5_gCqDwlWLI,commentsDisabled
4AbWg1t4YAw,commentsDisabled
3yF9qh6-IEo,commentsDisabled
r2NmGGkF8-I,commentsDisabled
nOUfNQsRDwc,commentsDisabled
KFgmn4wQdT4,commentsDisabled
68KPMtEtFHY,commentsDisabled
862MHBm-5Iw,commentsDisabled
iY4htNG4MWU,commentsDisabled
3-TBjPQBNZ4,commentsDisabled
c2gJsj0kRH4,commentsDisabled
AqC7IfQ41uY,commentsDisabled
dEI6rCIrnyc,commentsDisabled
1EWTzsqBRwk,commentsDisabled
HX8bGIwN6Q4,commentsDisabled
-XRqaDk40hg,commentsDisabled
Yq0NnINcIcQ,commentsDisabled
wvN6G9NFjMI,commentsDisabled
fCALnM5U4TI,commentsDisabled
9Sw-3-ybGTQ,commentsDisabled
xXrZjObDRRs,commentsDisabled
fbnDYYxcjV0,commentsDisabled
WN9SgVyozvA,commentsDisabled
kBSlBrWGm50,commentsDisabled
SFjo4M3uvuU,commentsDisabled
CPCMZI7LSN0,commentsDisabled
NAdveqaab_g,commentsDisabled
42o1PjL_vZw,commentsDisabled
7RPGdDgbhhQ,commentsDisabled
9tyxHeDNFU4,commentsDisabled
dZOBQHp2afw,commentsDisabled
n5OE5Jh8W1g,commentsDisabled
wrDQm4krpaM,commentsDisabled
G1oEY94bdWs,commentsDisabled
Lxsx5GQ5omM,commentsDisabled
NYqjucEOnNk,commentsDisabled
t4eDXS7d9tw,commentsDisabled
hBuMnYVP1S4,commentsDisabled
9A4AqYj663g,commentsDisabled
OW8ALdGzvAI,commentsDisabled
uHXyDavUaLk,commentsDisabled
pWCyTRz2fSI,commentsDisabled
x6cJ550bcZU,commentsDisabled
izNRL8hAKQs,commentsDisabled
Hh0VxTy6LWc,commentsDisabled
giayCGoigZM,commentsDisabled
kY1irHy0JGg,commentsDisabled
5jyckxAxiF8,commentsDisabled
dkabWxAEpso,commentsDisabled
x0Ew1zzSxR8,commentsDisabled
8xrsU2ChBa8,commentsDisabled
om8_GAjHLMc,commentsDisabled
ha7yNsW35wU,commentsDisabled
sXdv7OyCgCg,commentsDisabled
C2gPn0siUEA,commentsDisabled
CVhQaBIwFys,commentsDisabled
Arn1ytQ7Lns,commentsDisabled
Xy-fTTDwuyA,commentsDisabled
r6ddXosGVnU,commentsDisabled
3Xq1CKezbsA,commentsDisabled
kgeU9_Cmivc,commentsDisabled
etGEw37bxn4,commentsDisabled
3pRow7b5NA0,commentsDisabled
d7cUkACvsa8,commentsDisabled
iK7upwLQrFU,commentsDisabled
5yYOfzkKbZY,commentsDisabled
P_OY70ulOZI,commentsDisabled
Gj4L5NpyaxE,commentsDisabled
gAgGhxBKnJI,commentsDisabled
AxVdpdXnRiM,commentsDisabled
rsJ3Il6t-Y0,commentsDisabled
hzc35E0PJqM,commentsDisabled
AQohSrAc0zU,commentsDisabled
9t3_CdjrcvE,commentsDisabled
kZD8OUGe-vc,commentsDisabled
IQukOuSHUDY,commentsDisabled
GzdS_hJVbNg,commentsDisabled
GWQNX8UtQ9s,commentsDisabled
6mz4F_MBeMA,commentsDisabled
5ls6JGJgKC4,commentsDisabled
RPyQQjg7ScE,commentsDisabled
rvDt_w2QIE0,commentsDisabled
EeP7VuKto3w,commentsDisabled
J33W0uyvxuo,commentsDisabled
VpPwCgfss_A,commentsDisabled
ApXqwI9Np7E,commentsDisabled
DsnzasYaeCQ,commentsDisabled
iDU0E4HPP6g,commentsDisabled
49IGUWXwLnw,commentsDisabled
pbucp_9hk_A,commentsDisabled
Vqqr0uYC1wc,commentsDisabled
krqexaRayJU,commentsDisabled
idbUaRVNhBA,commentsDisabled
H-7XEi8CHeE,commentsDisabled
cgoCnmeJnVw,commentsDisabled
jOjh07l-K64,commentsDisabled
84-lYdFjPiA,commentsDisabled
IgLcSBDujoM,commentsDisabled
tusQ48ZZiJs,commentsDisabled
-1LFr0cveVk,commentsDisabled
Us5rc-pPe8U,commentsDisabled
NJ_-bz_FSMY,commentsDisabled
qdrW4wmNK6E,commentsDisabled
39ywYN6GvWs,commentsDisabled
e9nogfjOMZ0,commentsDisabled
htpuYdEWvP8,commentsDisabled
MIvbOvpR5V8,commentsDisabled
dqwqSHbT6JY,commentsDisabled
N1w1iTBbni8,commentsDisabled
CwG0LNNQb4w,commentsDisabled
VZdbFB5zpxY,commentsDisabled
7fAgWtD0dP4,commentsDisabled
HY1hLnnra-c,commentsDisabled
pEkebZlW9LM,commentsDisabled
B82xHGB7FuY,commentsDisabled
wZ0HKIAJoaQ,commentsDisabled
9aJKTharwzA,commentsDisabled
mmU8MvV2UOY,commentsDisabled
23ft_KC3hQo,commentsDisabled
So8ILXBd69k,commentsDisabled
WAYom3Dfzfs,commentsDisabled
Y_NHM2EgS6I,commentsDisabled
LkeoMKpqCyc,commentsDisabled
A33zpNK7LTw,commentsDisabled
LVrunB17a4E,commentsDisabled
e2rocQfw1uQ,commentsDisabled
8H5bj5HNlTw,commentsDisabled
CTkL01_WA1Q,commentsDisabled
S4N9FeDGkkQ,commentsDisabled
DOmNqLp-f4k,commentsDisabled
raXWCb-hAYI,commentsDisabled
oMgLs6m6I5c,commentsDisabled
Zx1CNxT6oGg,commentsDisabled
GU3qLw8pu7c,commentsDisabled
KAqFHUlnD6Q,commentsDisabled
PGG5q0E1qeE,commentsDisabled
suKsezhqKk4,commentsDisabled
xWWoSOtOW1E,commentsDisabled
6DPiy6yyjwY,commentsDisabled
uVHiD4puSus,commentsDisabled
pgncXkXvzkk,commentsDisabled
Mds_JCiKej0,commentsDisabled
6pw_CG6V5l8,commentsDisabled
kFyL-Rjqf9E,commentsDisabled
G6JcJiWvML8,commentsDisabled
YLY_ggZCxVo,commentsDisabled
t0Edmt2gxoE,commentsDisabled
nq6f0FZXJD4,commentsDisabled
NJSJ5-izMUA,commentsDisabled
M8n3DBMC1ik,commentsDisabled
cqv_wfc2tuU,commentsDisabled
yvgvD7s9AJI,commentsDisabled
E8JmJ9U_r98,commentsDisabled
KM2txtP4rp0,commentsDisabled
YS6bwZUMrVQ,commentsDisabled
dt--Wth4W5g,commentsDisabled
Q9bIDNrfX0Q,commentsDisabled
D9DDI6iMvTg,commentsDisabled
ldMqME5Qw_g,commentsDisabled
uOuNmEnxZJA,commentsDisabled
o2Vw8w5XYD0,commentsDisabled
FhJswT8u9Hs,commentsDisabled
OyJVRQAQaWE,commentsDisabled
8c8UBqoXG3Y,commentsDisabled
pCRKo1rAf1U,commentsDisabled
RpU_9bGqfG4,commentsDisabled
NKLh79BT-bI,commentsDisabled
lHIpZGyqp7Y,commentsDisabled
WjDhQI79mmM,commentsDisabled
e9fgWzhRXaI,commentsDisabled
crzUq8T-EfE,commentsDisabled
BsKyaJqn31w,commentsDisabled
I8mDo13zmRQ,commentsDisabled
3WUAtVqMBJo,commentsDisabled
Zn499I2InlM,commentsDisabled
KfuqrniCP8k,commentsDisabled
EUBKUeba2D8,commentsDisabled
MyCiSZxi7Oo,commentsDisabled
B7rLyS5huL8,commentsDisabled
5HjJtG4sFiY,commentsDisabled
fIGSbXx4vm0,commentsDisabled
OLIksEQv-7E,commentsDisabled
V-K8W5Cxkeg,commentsDisabled
67PKa02I0AA,commentsDisabled
W5vKVFFz9wM,commentsDisabled
0AW_1CPTqsY,commentsDisabled
hWqa2eP1Pvs,commentsDisabled
DgBKoR3P5V4,commentsDisabled
dqO4GvhGRHQ,commentsDisabled
YHn44y7a6M0,commentsDisabled
S_baQGmVSs4,commentsDisabled
jfAq83QDxbg,commentsDisabled
zRWkryqF1Ys,commentsDisabled
9-s8jK-XFIk,commentsDisabled
u4Q929yFH6k,commentsDisabled
L0Sks5DNvqs,commentsDisabled
yywsOeQ2X04,commentsDisabled
mowRQWtnATo,commentsDisabled
YQrXB0b0J3w,commentsDisabled
Wn9w6MkGhdw,commentsDisabled
4dEA3b4hLGY,commentsDisabled
7cOWwMFGPJg,commentsDisabled
NrPtpN_JYP8,commentsDisabled
f4UFtKEdYLE,commentsDisabled
tccNJ_bI7Qk,commentsDisabled
9Dg2QRxg5AE,commentsDisabled
26B868ziEDA,commentsDisabled
8UmrG96GW_o,commentsDisabled
Grh_CQ1bjYI,commentsDisabled
zGhnXbEzVa0,commentsDisabled
K0frYGwKBoQ,commentsDisabled
95vktwSZoVM,commentsDisabled
hFiyKWLNA5o,commentsDisabled
8ITaBIoDSJA,commentsDisabled
s7bktSvvMl0,commentsDisabled
P4NmYk8CO-w,commentsDisabled
srAdTcD69wY,commentsDisabled
7DD1RdT4-FY,commentsDisabled
gTLcpux-PwI,commentsDisabled
SxG85kcb4ec,commentsDisabled
xGN7oYPz_fY,commentsDisabled
6wkVExva6E4,commentsDisabled
zCF_NboH7NQ,commentsDisabled
JGef7sfr8G4,commentsDisabled
ED4wo75t7JQ,commentsDisabled
hiyD0A1Is-Q,commentsDisabled
_MljBBTLEI0,commentsDisabled
Kg05zHnhbvI,commentsDisabled
mZ2BHXkNR2c,commentsDisabled
OiXNQaMmIMU,commentsDisabled
OL2td-y6A-c,commentsDisabled
BiXtop6SxMY,commentsDisabled
wSg11DyfJTw,commentsDisabled
PHMQ4lN4Y7g,commentsDisabled
ZXt9LuW_KN0,commentsDisabled
2mJBxZ4DFxQ,commentsDisabled
C9aOLyFe2T4,commentsDisabled
bOfdwsy2mEU,commentsDisabled
XxLaGVRZ94Y,commentsDisabled
YbiYfZIFeO0,commentsDisabled
fIeZvbQLQqs,commentsDisabled
s0pkMpRbQp4,commentsDisabled
xhPCQQs4p5A,commentsDisabled
A_LGR5uxzNc,commentsDisabled
MGDGSN3ts2o,commentsDisabled
FrjJYg1mOOU,commentsDisabled
8T1QXyZXoEI,commentsDisabled
jLf_IKftP6k,commentsDisabled
jXZ8wPk9g4g,commentsDisabled
Gqf0K3Y1gFA,commentsDisabled
IDzKZ0vCbys,commentsDisabled
aSTTS1K3FKI,commentsDisabled
RbVKqOS4Wuo,commentsDisabled
Nyi_i4xePQY,commentsDisabled
49Ahwxu8EBE,commentsDisabled
aV11RiD3-ls,commentsDisabled
U79Qs-BdkaE,commentsDisabled
OnXeVabwAJA,commentsDisabled
zECH8cqCs1Y,commentsDisabled
Bbi6fhMcGME,commentsDisabled
2mWylmKuuX0,commentsDisabled
P8lf_6edh6I,commentsDisabled
rAWpaWNQcMw,commentsDisabled
ziALlBvqz98,commentsDisabled
v2-M82tRW0g,commentsDisabled
gSp300a_i6U,commentsDisabled
0EwLhxLLStE,commentsDisabled
dXqGMJC7mRA,commentsDisabled
0vR7dE8BA1I,commentsDisabled
7V5Uio9F8o0,commentsDisabled
tPjYRVigazU,commentsDisabled
qBU8DNAafoM,commentsDisabled
xJ7N7mretNg,commentsDisabled
dA85sZE7SoY,commentsDisabled
JAb2r522MFw,commentsDisabled
VpWtGFwZr3M,commentsDisabled
EFLGmWHx_0U,commentsDisabled
D4f6jT0IWm8,commentsDisabled
89eQNYbdqzs,commentsDisabled
a1QJNIV8Ago,commentsDisabled
ACV9BWy1Vzs,commentsDisabled
I0WE3teSlWY,commentsDisabled
zBpJK3WLKY0,commentsDisabled
pLQtYjQ-X5w,commentsDisabled
R6vtUfmkY3s,commentsDisabled
mp0VmEszidA,commentsDisabled
JiPOnbsUhQM,commentsDisabled
ENqkUBXRYyo,commentsDisabled
H-bve4ja6Xk,commentsDisabled
4D0T7hzZsy0,commentsDisabled
J2vPbjbUAt8,commentsDisabled
F6NPlWPIVhQ,commentsDisabled
_jNbTCUbJhg,commentsDisabled
jwa_7QmxYEo,commentsDisabled
k1-YDDVgBH4,commentsDisabled
jGYwACXnWZ8,commentsDisabled
TuR38_7Ew5o,commentsDisabled
dLPk5XJ-y74,commentsDisabled
ldh4VR84n4I,commentsDisabled
QkADxU0KcqY,commentsDisabled
kcd5ugO3bCY,commentsDisabled
vV72_tbyxNc,commentsDisabled
8S_g31M674s,commentsDisabled
gdr6oPUqXps,commentsDisabled
gvplrhWAhFc,commentsDisabled
nzA9mCorR4A,commentsDisabled
LHBIMM-wFsA,commentsDisabled
gqoBJC_0lEQ,commentsDisabled
hFKN8soj4h8,commentsDisabled
QretokZE-UM,commentsDisabled
tgZdhP3JVus,commentsDisabled
BJ9mJ0VIJM4,commentsDisabled
mvUff-OmN-w,commentsDisabled
jHT-9wely2g,commentsDisabled
b-B8grtjxjs,commentsDisabled
kAFhHaeU38A,commentsDisabled
5XfBdf6FQT4,commentsDisabled
e0IL06ZXHFs,commentsDisabled
NfoYRHvaqkQ,commentsDisabled
YvjDtjCAdJE,commentsDisabled
RJzYkMvQNrw,commentsDisabled
eHw89s7cEqo,commentsDisabled
T8F00H_VFuw,commentsDisabled
vw8K1vYlvoo,commentsDisabled
2PxwbwDiamU,commentsDisabled
jdexrepbavI,commentsDisabled
aGzDeXqV-L4,commentsDisabled
sDAMSarXTYc,commentsDisabled
LlxjD1fnC5M,commentsDisabled
zLDpplQZLsg,commentsDisabled
26NRBIUSbGA,commentsDisabled
LV76n8d0T1A,commentsDisabled
M51xsa_ZEak,commentsDisabled
RTOk_UoLEvw,commentsDisabled
HDidYFPIFAI,commentsDisabled
nZgFB6cx_T4,commentsDisabled
7ul9hCZtJH0,commentsDisabled
i6twLNWLcSI,commentsDisabled
tFDQ0pSOm4k,commentsDisabled
7wPpDz0JGDU,commentsDisabled
up91yoJPdTQ,commentsDisabled
8Bli9bM-a-Y,commentsDisabled
BKd-1bQu5pY,commentsDisabled
x8F9tfM_Ens,commentsDisabled
p6f1MvYFLuM,commentsDisabled
iJhYTLP6hRM,commentsDisabled
aOBs-PlEPTs,commentsDisabled
5r3noRvnbBI,commentsDisabled
jO-bDaZOIPY,commentsDisabled
rzTWbb8IIW8,commentsDisabled
BO89ZuOJIfs,commentsDisabled
xs4S-F8gaeM,commentsDisabled
-pkTXL3L9AE,commentsDisabled
MkQHPghS2gc,commentsDisabled
Fi5BzGUrfBQ,commentsDisabled
5EdqO0RC0ck,commentsDisabled
hvSPc6PL4DI,notFound
netEKi1gRJw,commentsDisabled
4iRijyKI3uA,commentsDisabled
cA7kQTdwSDM,commentsDisabled
hyyAztKUPdQ,commentsDisabled
MaQeVEB7sAU,commentsDisabled
W3WEMEGtK8M,commentsDisabled
j7WGA4Uf44o,commentsDisabled
S-e2vK3Fg-g,commentsDisabled
l85PyMImEII,commentsDisabled
8pYlQaqQRU8,commentsDisabled
SvzFhM9nEc0,commentsDisabled
0xZsBz1Mbo8,commentsDisabled
wgfKpkfEvDM,commentsDisabled
E63R_pIzXWs,commentsDisabled
OpG4n-FN95I,commentsDisabled
5il7YlonaCE,commentsDisabled
KhRUB9q-jYQ,commentsDisabled
YbipIjms2Do,commentsDisabled
LuM-dB2MPTo,commentsDisabled
SlZFoUZI9fI,commentsDisabled
WPhK8SSNdDc,commentsDisabled
cVW8IJ5WCeo,commentsDisabled
HlJ_Njek7qs,commentsDisabled
o9ubBcBfyuc,commentsDisabled
oMRArWZsG1Q,commentsDisabled
ZDSnrixdW2s,commentsDisabled
zoJXlaC4Zk8,commentsDisabled
lGc6yv9Y_oc,commentsDisabled
ECfkzk-VJIs,commentsDisabled
lGiR7Dw62kE,commentsDisabled
f8Iqv1e20NM,commentsDisabled
cfMABm6Uocg,commentsDisabled
hYuIfNxGR-4,commentsDisabled
jekxqVWJYlA,commentsDisabled
co5mkiuThl8,commentsDisabled
Xnb9EE823j8,commentsDisabled
Rw5Cp1czWbA,commentsDisabled
CoCUeG_-iEE,commentsDisabled
5_gCqDwlWLI,commentsDisabled
4AbWg1t4YAw,commentsDisabled
3yF9qh6-IEo,commentsDisabled
r2NmGGkF8-I,commentsDisabled
nOUfNQsRDwc,commentsDisabled
KFgmn4wQdT4,commentsDisabled
68KPMtEtFHY,commentsDisabled
862MHBm-5Iw,commentsDisabled
iY4htNG4MWU,commentsDisabled
3-TBjPQBNZ4,commentsDisabled
c2gJsj0kRH4,commentsDisabled
AqC7IfQ41uY,commentsDisabled
dEI6rCIrnyc,commentsDisabled
1EWTzsqBRwk,commentsDisabled
HX8bGIwN6Q4,commentsDisabled
-XRqaDk40hg,commentsDisabled
Yq0NnINcIcQ,commentsDisabled
wvN6G9NFjMI,commentsDisabled
fCALnM5U4TI,commentsDisabled
9Sw-3-ybGTQ,commentsDisabled
xXrZjObDRRs,commentsDisabled
fbnDYYxcjV0,commentsDisabled
WN9SgVyozvA,commentsDisabled
kBSlBrWGm50,commentsDisabled
SFjo4M3uvuU,commentsDisabled
CPCMZI7LSN0,commentsDisabled
NAdveqaab_g,commentsDisabled
42o1PjL_vZw,commentsDisabled
7RPGdDgbhhQ,commentsDisabled
9tyxHeDNFU4,commentsDisabled
dZOBQHp2afw,commentsDisabled
n5OE5Jh8W1g,commentsDisabled
wrDQm4krpaM,commentsDisabled
G1oEY94bdWs,commentsDisabled
Lxsx5GQ5omM,commentsDisabled
NYqjucEOnNk,commentsDisabled
t4eDXS7d9tw,commentsDisabled
hBuMnYVP1S4,commentsDisabled
9A4AqYj663g,commentsDisabled
OW8ALdGzvAI,commentsDisabled
uHXyDavUaLk,commentsDisabled
pWCyTRz2fSI,commentsDisabled
x6cJ550bcZU,commentsDisabled
izNRL8hAKQs,commentsDisabled
Hh0VxTy6LWc,commentsDisabled
giayCGoigZM,commentsDisabled
kY1irHy0JGg,commentsDisabled
5jyckxAxiF8,commentsDisabled
dkabWxAEpso,commentsDisabled
x0Ew1zzSxR8,commentsDisabled
8xrsU2ChBa8,commentsDisabled
om8_GAjHLMc,commentsDisabled
ha7yNsW35wU,commentsDisabled
sXdv7OyCgCg,commentsDisabled
C2gPn0siUEA,commentsDisabled
CVhQaBIwFys,commentsDisabled
Arn1ytQ7Lns,commentsDisabled
Xy-fTTDwuyA,commentsDisabled
r6ddXosGVnU,commentsDisabled
3Xq1CKezbsA,commentsDisabled
kgeU9_Cmivc,commentsDisabled
etGEw37bxn4,commentsDisabled
3pRow7b5NA0,commentsDisabled
d7cUkACvsa8,commentsDisabled
iK7upwLQrFU,commentsDisabled
5yYOfzkKbZY,commentsDisabled
P_OY70ulOZI,commentsDisabled
Gj4L5NpyaxE,commentsDisabled
gAgGhxBKnJI,commentsDisabled
AxVdpdXnRiM,commentsDisabled
rsJ3Il6t-Y0,commentsDisabled
hzc35E0PJqM,commentsDisabled
AQohSrAc0zU,commentsDisabled
9t3_CdjrcvE,commentsDisabled
kZD8OUGe-vc,commentsDisabled
IQukOuSHUDY,commentsDisabled
GzdS_hJVbNg,commentsDisabled
GWQNX8UtQ9s,commentsDisabled
6mz4F_MBeMA,commentsDisabled
5ls6JGJgKC4,commentsDisabled
RPyQQjg7ScE,commentsDisabled
rvDt_w2QIE0,commentsDisabled
EeP7VuKto3w,commentsDisabled
J33W0uyvxuo,commentsDisabled
VpPwCgfss_A,commentsDisabled
ApXqwI9Np7E,commentsDisabled
DsnzasYaeCQ,commentsDisabled
iDU0E4HPP6g,commentsDisabled
49IGUWXwLnw,commentsDisabled
pbucp_9hk_A,commentsDisabled
Vqqr0uYC1wc,commentsDisabled
krqexaRayJU,commentsDisabled
idbUaRVNhBA,commentsDisabled
H-7XEi8CHeE,commentsDisabled
cgoCnmeJnVw,commentsDisabled
jOjh07l-K64,commentsDisabled
84-lYdFjPiA,commentsDisabled
IgLcSBDujoM,commentsDisabled
tusQ48ZZiJs,commentsDisabled
-1LFr0cveVk,commentsDisabled
Us5rc-pPe8U,commentsDisabled
NJ_-bz_FSMY,commentsDisabled
qdrW4wmNK6E,commentsDisabled
39ywYN6GvWs,commentsDisabled
e9nogfjOMZ0,commentsDisabled
htpuYdEWvP8,commentsDisabled
MIvbOvpR5V8,commentsDisabled
dqwqSHbT6JY,commentsDisabled
N1w1iTBbni8,commentsDisabled
CwG0LNNQb4w,commentsDisabled
VZdbFB5zpxY,commentsDisabled
7fAgWtD0dP4,commentsDisabled
HY1hLnnra-c,commentsDisabled
pEkebZlW9LM,commentsDisabled
B82xHGB7FuY,commentsDisabled
wZ0HKIAJoaQ,commentsDisabled
9aJKTharwzA,commentsDisabled
mmU8MvV2UOY,commentsDisabled
23ft_KC3hQo,commentsDisabled
So8ILXBd69k,commentsDisabled
WAYom3Dfzfs,commentsDisabled
Y_NHM2EgS6I,commentsDisabled
LkeoMKpqCyc,commentsDisabled
A33zpNK7LTw,commentsDisabled
LVrunB17a4E,commentsDisabled
e2rocQfw1uQ,commentsDisabled
8H5bj5HNlTw,commentsDisabled
CTkL01_WA1Q,commentsDisabled
S4N9FeDGkkQ,commentsDisabled
DOmNqLp-f4k,commentsDisabled
raXWCb-hAYI,commentsDisabled
oMgLs6m6I5c,commentsDisabled
Zx1CNxT6oGg,commentsDisabled
GU3qLw8pu7c,commentsDisabled
KAqFHUlnD6Q,commentsDisabled
PGG5q0E1qeE,commentsDisabled
suKsezhqKk4,commentsDisabled
xWWoSOtOW1E,commentsDisabled
6DPiy6yyjwY,commentsDisabled
uVHiD4puSus,commentsDisabled
pgncXkXvzkk,commentsDisabled
Mds_JCiKej0,commentsDisabled
6pw_CG6V5l8,commentsDisabled
kFyL-Rjqf9E,commentsDisabled
G6JcJiWvML8,commentsDisabled
YLY_ggZCxVo,commentsDisabled
t0Edmt2gxoE,commentsDisabled
nq6f0FZXJD4,commentsDisabled
NJSJ5-izMUA,commentsDisabled
M8n3DBMC1ik,commentsDisabled
cqv_wfc2tuU,commentsDisabled
yvgvD7s9AJI,commentsDisabled
E8JmJ9U_r98,commentsDisabled
KM2txtP4rp0,commentsDisabled
YS6bwZUMrVQ,commentsDisabled
dt--Wth4W5g,commentsDisabled
Q9bIDNrfX0Q,commentsDisabled
D9DDI6iMvTg,commentsDisabled
ldMqME5Qw_g,commentsDisabled
uOuNmEnxZJA,commentsDisabled
o2Vw8w5XYD0,commentsDisabled
FhJswT8u9Hs,commentsDisabled
OyJVRQAQaWE,commentsDisabled
8c8UBqoXG3Y,commentsDisabled
pCRKo1rAf1U,commentsDisabled
RpU_9bGqfG4,commentsDisabled
NKLh79BT-bI,commentsDisabled
lHIpZGyqp7Y,commentsDisabled
WjDhQI79mmM,commentsDisabled
e9fgWzhRXaI,commentsDisabled
crzUq8T-EfE,commentsDisabled
BsKyaJqn31w,commentsDisabled
I8mDo13zmRQ,commentsDisabled
3WUAtVqMBJo,commentsDisabled
Zn499I2InlM,commentsDisabled
KfuqrniCP8k,commentsDisabled
EUBKUeba2D8,commentsDisabled
MyCiSZxi7Oo,commentsDisabled
B7rLyS5huL8,commentsDisabled
5HjJtG4sFiY,commentsDisabled
fIGSbXx4vm0,commentsDisabled
OLIksEQv-7E,commentsDisabled
V-K8W5Cxkeg,commentsDisabled
67PKa02I0AA,commentsDisabled
W5vKVFFz9wM,commentsDisabled
0AW_1CPTqsY,commentsDisabled
hWqa2eP1Pvs,commentsDisabled
DgBKoR3P5V4,commentsDisabled
dqO4GvhGRHQ,commentsDisabled
YHn44y7a6M0,commentsDisabled
S_baQGmVSs4,commentsDisabled
jfAq83QDxbg,commentsDisabled
zRWkryqF1Ys,commentsDisabled
9-s8jK-XFIk,commentsDisabled
u4Q929yFH6k,commentsDisabled
L0Sks5DNvqs,commentsDisabled
yywsOeQ2X04,commentsDisabled
mowRQWtnATo,commentsDisabled
YQrXB0b0J3w,commentsDisabled
Wn9w6MkGhdw,commentsDisabled
4dEA3b4hLGY,commentsDisabled
7cOWwMFGPJg,commentsDisabled
NrPtpN_JYP8,commentsDisabled
f4UFtKEdYLE,commentsDisabled
tccNJ_bI7Qk,commentsDisabled
9Dg2QRxg5AE,commentsDisabled
26B868ziEDA,commentsDisabled
8UmrG96GW_o,commentsDisabled
Grh_CQ1bjYI,commentsDisabled
zGhnXbEzVa0,commentsDisabled
K0frYGwKBoQ,commentsDisabled
95vktwSZoVM,commentsDisabled
hFiyKWLNA5o,commentsDisabled
8ITaBIoDSJA,commentsDisabled
s7bktSvvMl0,commentsDisabled
P4NmYk8CO-w,commentsDisabled
srAdTcD69wY,commentsDisabled
7DD1RdT4-FY,commentsDisabled
gTLcpux-PwI,commentsDisabled
SxG85kcb4ec,commentsDisabled
xGN7oYPz_fY,commentsDisabled
6wkVExva6E4,commentsDisabled
zCF_NboH7NQ,commentsDisabled
JGef7sfr8G4,commentsDisabled
ED4wo75t7JQ,commentsDisabled
hiyD0A1Is-Q,commentsDisabled
_MljBBTLEI0,commentsDisabled
Kg05zHnhbvI,commentsDisabled
mZ2BHXkNR2c,commentsDisabled
OiXNQaMmIMU,commentsDisabled
OL2td-y6A-c,commentsDisabled
BiXtop6SxMY,commentsDisabled
wSg11DyfJTw,commentsDisabled
PHMQ4lN4Y7g,commentsDisabled
ZXt9LuW_KN0,commentsDisabled
2mJBxZ4DFxQ,commentsDisabled
C9aOLyFe2T4,commentsDisabled
bOfdwsy2mEU,commentsDisabled
XxLaGVRZ94Y,commentsDisabled
YbiYfZIFeO0,commentsDisabled
fIeZvbQLQqs,commentsDisabled
s0pkMpRbQp4,commentsDisabled
xhPCQQs4p5A,commentsDisabled
A_LGR5uxzNc,commentsDisabled
MGDGSN3ts2o,commentsDisabled
FrjJYg1mOOU,commentsDisabled
8T1QXyZXoEI,commentsDisabled
jLf_IKftP6k,commentsDisabled
jXZ8wPk9g4g,commentsDisabled
Gqf0K3Y1gFA,commentsDisabled
IDzKZ0vCbys,commentsDisabled
aSTTS1K3FKI,commentsDisabled
RbVKqOS4Wuo,commentsDisabled
Nyi_i4xePQY,commentsDisabled
49Ahwxu8EBE,commentsDisabled
aV11RiD3-ls,commentsDisabled
U79Qs-BdkaE,commentsDisabled
OnXeVabwAJA,commentsDisabled
zECH8cqCs1Y,commentsDisabled
Bbi6fhMcGME,commentsDisabled
2mWylmKuuX0,commentsDisabled
P8lf_6edh6I,commentsDisabled
rAWpaWNQcMw,commentsDisabled
ziALlBvqz98,commentsDisabled
v2-M82tRW0g,commentsDisabled
gSp300a_i6U,commentsDisabled
0EwLhxLLStE,commentsDisabled
dXqGMJC7mRA,commentsDisabled
0vR7dE8BA1I,commentsDisabled
7V5Uio9F8o0,commentsDisabled
tPjYRVigazU,commentsDisabled
qBU8DNAafoM,commentsDisabled
xJ7N7mretNg,commentsDisabled
dA85sZE7SoY,commentsDisabled
JAb2r522MFw,commentsDisabled
VpWtGFwZr3M,commentsDisabled
EFLGmWHx_0U,commentsDisabled
D4f6jT0IWm8,commentsDisabled
89eQNYbdqzs,commentsDisabled
a1QJNIV8Ago,commentsDisabled
ACV9BWy1Vzs,commentsDisabled
I0WE3teSlWY,commentsDisabled
zBpJK3WLKY0,commentsDisabled
pLQtYjQ-X5w,commentsDisabled
R6vtUfmkY3s,commentsDisabled
mp0VmEszidA,commentsDisabled
JiPOnbsUhQM,commentsDisabled
ENqkUBXRYyo,commentsDisabled
H-bve4ja6Xk,commentsDisabled
4D0T7hzZsy0,commentsDisabled
J2vPbjbUAt8,commentsDisabled
F6NPlWPIVhQ,commentsDisabled
_jNbTCUbJhg,commentsDisabled
jwa_7QmxYEo,commentsDisabled
k1-YDDVgBH4,commentsDisabled
jGYwACXnWZ8,commentsDisabled
TuR38_7Ew5o,commentsDisabled
dLPk5XJ-y74,commentsDisabled
ldh4VR84n4I,commentsDisabled
QkADxU0KcqY,commentsDisabled
kcd5ugO3bCY,commentsDisabled
vV72_tbyxNc,commentsDisabled
8S_g31M674s,commentsDisabled
gdr6oPUqXps,commentsDisabled
gvplrhWAhFc,commentsDisabled
nzA9mCorR4A,commentsDisabled
LHBIMM-wFsA,commentsDisabled
gqoBJC_0lEQ,commentsDisabled
hFKN8soj4h8,commentsDisabled
QretokZE-UM,commentsDisabled
tgZdhP3JVus,commentsDisabled
BJ9mJ0VIJM4,commentsDisabled
mvUff-OmN-w,commentsDisabled
jHT-9wely2g,commentsDisabled
b-B8grtjxjs,commentsDisabled
kAFhHaeU38A,commentsDisabled
5XfBdf6FQT4,commentsDisabled
e0IL06ZXHFs,commentsDisabled
NfoYRHvaqkQ,commentsDisabled
YvjDtjCAdJE,commentsDisabled
RJzYkMvQNrw,commentsDisabled
eHw89s7cEqo,commentsDisabled
T8F00H_VFuw,commentsDisabled
vw8K1vYlvoo,commentsDisabled
2PxwbwDiamU,commentsDisabled
jdexrepbavI,commentsDisabled
aGzDeXqV-L4,commentsDisabled
sDAMSarXTYc,commentsDisabled
LlxjD1fnC5M,commentsDisabled
zLDpplQZLsg,commentsDisabled
26NRBIUSbGA,commentsDisabled
LV76n8d0T1A,commentsDisabled
M51xsa_ZEak,commentsDisabled
RTOk_UoLEvw,commentsDisabled
HDidYFPIFAI,commentsDisabled
nZgFB6cx_T4,commentsDisabled
7ul9hCZtJH0,commentsDisabled
i6twLNWLcSI,commentsDisabled
tFDQ0pSOm4k,commentsDisabled
7wPpDz0JGDU,commentsDisabled
up91yoJPdTQ,commentsDisabled
8Bli9bM-a-Y,commentsDisabled
BKd-1bQu5pY,commentsDisabled
x8F9tfM_Ens,commentsDisabled
p6f1MvYFLuM,commentsDisabled
iJhYTLP6hRM,commentsDisabled
aOBs-PlEPTs,commentsDisabled
5r3noRvnbBI,commentsDisabled
jO-bDaZOIPY,commentsDisabled
rzTWbb8IIW8,commentsDisabled
BO89ZuOJIfs,commentsDisabled
xs4S-F8gaeM,commentsDisabled
-pkTXL3L9AE,commentsDisabled
MkQHPghS2gc,commentsDisabled
Fi5BzGUrfBQ,commentsDisabled
5EdqO0RC0ck,commentsDisabled
hvSPc6PL4DI,notFound
netEKi1gRJw,commentsDisabled
4iRijyKI3uA,commentsDisabled
cA7kQTdwSDM,commentsDisabled
hyyAztKUPdQ,commentsDisabled
MaQeVEB7sAU,commentsDisabled
W3WEMEGtK8M,commentsDisabled
HX8bGIwN6Q4,commentsDisabled
-XRqaDk40hg,commentsDisabled
Yq0NnINcIcQ,commentsDisabled
wvN6G9NFjMI,commentsDisabled
fCALnM5U4TI,commentsDisabled
9Sw-3-ybGTQ,commentsDisabled
xXrZjObDRRs,commentsDisabled
fbnDYYxcjV0,commentsDisabled
WN9SgVyozvA,commentsDisabled
kBSlBrWGm50,commentsDisabled
SFjo4M3uvuU,commentsDisabled
CPCMZI7LSN0,commentsDisabled
NAdveqaab_g,commentsDisabled
42o1PjL_vZw,commentsDisabled
7RPGdDgbhhQ,commentsDisabled
9tyxHeDNFU4,commentsDisabled
dZOBQHp2afw,commentsDisabled
n5OE5Jh8W1g,commentsDisabled
wrDQm4krpaM,commentsDisabled
G1oEY94bdWs,commentsDisabled
Lxsx5GQ5omM,commentsDisabled
NYqjucEOnNk,commentsDisabled
t4eDXS7d9tw,commentsDisabled
hBuMnYVP1S4,commentsDisabled
9A4AqYj663g,commentsDisabled
OW8ALdGzvAI,commentsDisabled
uHXyDavUaLk,commentsDisabled
pWCyTRz2fSI,commentsDisabled
x6cJ550bcZU,commentsDisabled
izNRL8hAKQs,commentsDisabled
Hh0VxTy6LWc,commentsDisabled
giayCGoigZM,commentsDisabled
kY1irHy0JGg,commentsDisabled
5jyckxAxiF8,commentsDisabled
dkabWxAEpso,commentsDisabled
x0Ew1zzSxR8,commentsDisabled
8xrsU2ChBa8,commentsDisabled
om8_GAjHLMc,commentsDisabled
ha7yNsW35wU,commentsDisabled
sXdv7OyCgCg,commentsDisabled
C2gPn0siUEA,commentsDisabled
CVhQaBIwFys,commentsDisabled
Arn1ytQ7Lns,commentsDisabled
Xy-fTTDwuyA,commentsDisabled
r6ddXosGVnU,commentsDisabled
3Xq1CKezbsA,commentsDisabled
kgeU9_Cmivc,commentsDisabled
etGEw37bxn4,commentsDisabled
3pRow7b5NA0,commentsDisabled
d7cUkACvsa8,commentsDisabled
iK7upwLQrFU,commentsDisabled
5yYOfzkKbZY,commentsDisabled
P_OY70ulOZI,commentsDisabled
Gj4L5NpyaxE,commentsDisabled
gAgGhxBKnJI,commentsDisabled
AxVdpdXnRiM,commentsDisabled
rsJ3Il6t-Y0,commentsDisabled
hzc35E0PJqM,commentsDisabled
AQohSrAc0zU,commentsDisabled
9t3_CdjrcvE,commentsDisabled
kZD8OUGe-vc,commentsDisabled
IQukOuSHUDY,commentsDisabled
GzdS_hJVbNg,commentsDisabled
GWQNX8UtQ9s,commentsDisabled
6mz4F_MBeMA,commentsDisabled
5ls6JGJgKC4,commentsDisabled
RPyQQjg7ScE,commentsDisabled
rvDt_w2QIE0,commentsDisabled
EeP7VuKto3w,commentsDisabled
J33W0uyvxuo,commentsDisabled
VpPwCgfss_A,commentsDisabled
ApXqwI9Np7E,commentsDisabled
DsnzasYaeCQ,commentsDisabled
iDU0E4HPP6g,commentsDisabled
49IGUWXwLnw,commentsDisabled
pbucp_9hk_A,commentsDisabled
Vqqr0uYC1wc,commentsDisabled
krqexaRayJU,commentsDisabled
idbUaRVNhBA,commentsDisabled
H-7XEi8CHeE,commentsDisabled
cgoCnmeJnVw,commentsDisabled
jOjh07l-K64,commentsDisabled
84-lYdFjPiA,commentsDisabled
IgLcSBDujoM,commentsDisabled
tusQ48ZZiJs,commentsDisabled
-1LFr0cveVk,commentsDisabled
Us5rc-pPe8U,commentsDisabled
NJ_-bz_FSMY,commentsDisabled
qdrW4wmNK6E,commentsDisabled
39ywYN6GvWs,commentsDisabled
e9nogfjOMZ0,commentsDisabled
htpuYdEWvP8,commentsDisabled
MIvbOvpR5V8,commentsDisabled
dqwqSHbT6JY,commentsDisabled
N1w1iTBbni8,commentsDisabled
CwG0LNNQb4w,commentsDisabled
VZdbFB5zpxY,commentsDisabled
7fAgWtD0dP4,commentsDisabled
HY1hLnnra-c,commentsDisabled
pEkebZlW9LM,commentsDisabled
B82xHGB7FuY,commentsDisabled
wZ0HKIAJoaQ,commentsDisabled
9aJKTharwzA,commentsDisabled
mmU8MvV2UOY,commentsDisabled
23ft_KC3hQo,commentsDisabled
So8ILXBd69k,commentsDisabled
WAYom3Dfzfs,commentsDisabled
Y_NHM2EgS6I,commentsDisabled
LkeoMKpqCyc,commentsDisabled
A33zpNK7LTw,commentsDisabled
LVrunB17a4E,commentsDisabled
e2rocQfw1uQ,commentsDisabled
8H5bj5HNlTw,commentsDisabled
CTkL01_WA1Q,commentsDisabled
S4N9FeDGkkQ,commentsDisabled
DOmNqLp-f4k,commentsDisabled
raXWCb-hAYI,commentsDisabled
oMgLs6m6I5c,commentsDisabled
Zx1CNxT6oGg,commentsDisabled
GU3qLw8pu7c,commentsDisabled
KAqFHUlnD6Q,commentsDisabled
PGG5q0E1qeE,commentsDisabled
suKsezhqKk4,commentsDisabled
xWWoSOtOW1E,commentsDisabled
6DPiy6yyjwY,commentsDisabled
uVHiD4puSus,commentsDisabled
pgncXkXvzkk,commentsDisabled
Mds_JCiKej0,commentsDisabled
6pw_CG6V5l8,commentsDisabled
kFyL-Rjqf9E,commentsDisabled
G6JcJiWvML8,commentsDisabled
YLY_ggZCxVo,commentsDisabled
t0Edmt2gxoE,commentsDisabled
nq6f0FZXJD4,commentsDisabled
NJSJ5-izMUA,commentsDisabled
M8n3DBMC1ik,commentsDisabled
cqv_wfc2tuU,commentsDisabled
yvgvD7s9AJI,commentsDisabled
E8JmJ9U_r98,commentsDisabled
KM2txtP4rp0,commentsDisabled
YS6bwZUMrVQ,commentsDisabled
dt--Wth4W5g,commentsDisabled
Q9bIDNrfX0Q,commentsDisabled
D9DDI6iMvTg,commentsDisabled
ldMqME5Qw_g,commentsDisabled
uOuNmEnxZJA,commentsDisabled
o2Vw8w5XYD0,commentsDisabled
FhJswT8u9Hs,commentsDisabled
OyJVRQAQaWE,commentsDisabled
8c8UBqoXG3Y,commentsDisabled
pCRKo1rAf1U,commentsDisabled
RpU_9bGqfG4,commentsDisabled
NKLh79BT-bI,commentsDisabled
lHIpZGyqp7Y,commentsDisabled
WjDhQI79mmM,commentsDisabled
e9fgWzhRXaI,commentsDisabled
crzUq8T-EfE,commentsDisabled
BsKyaJqn31w,commentsDisabled
I8mDo13zmRQ,commentsDisabled
3WUAtVqMBJo,commentsDisabled
Zn499I2InlM,commentsDisabled
KfuqrniCP8k,commentsDisabled
EUBKUeba2D8,commentsDisabled
MyCiSZxi7Oo,commentsDisabled
B7rLyS5huL8,commentsDisabled
5HjJtG4sFiY,commentsDisabled
fIGSbXx4vm0,commentsDisabled
OLIksEQv-7E,commentsDisabled
V-K8W5Cxkeg,commentsDisabled
67PKa02I0AA,commentsDisabled
W5vKVFFz9wM,commentsDisabled
0AW_1CPTqsY,commentsDisabled
hWqa2eP1Pvs,commentsDisabled
DgBKoR3P5V4,commentsDisabled
dqO4GvhGRHQ,commentsDisabled
YHn44y7a6M0,commentsDisabled
S_baQGmVSs4,commentsDisabled
jfAq83QDxbg,commentsDisabled
zRWkryqF1Ys,commentsDisabled
9-s8jK-XFIk,commentsDisabled
u4Q929yFH6k,commentsDisabled
L0Sks5DNvqs,commentsDisabled
yywsOeQ2X04,commentsDisabled
mowRQWtnATo,commentsDisabled
YQrXB0b0J3w,commentsDisabled
Wn9w6MkGhdw,commentsDisabled
4dEA3b4hLGY,commentsDisabled
7cOWwMFGPJg,commentsDisabled
NrPtpN_JYP8,commentsDisabled
f4UFtKEdYLE,commentsDisabled
tccNJ_bI7Qk,commentsDisabled
9Dg2QRxg5AE,commentsDisabled
26B868ziEDA,commentsDisabled
8UmrG96GW_o,commentsDisabled
Grh_CQ1bjYI,commentsDisabled
zGhnXbEzVa0,commentsDisabled
K0frYGwKBoQ,commentsDisabled
95vktwSZoVM,commentsDisabled
hFiyKWLNA5o,commentsDisabled
8ITaBIoDSJA,commentsDisabled
s7bktSvvMl0,commentsDisabled
P4NmYk8CO-w,commentsDisabled
srAdTcD69wY,commentsDisabled
7DD1RdT4-FY,commentsDisabled
gTLcpux-PwI,commentsDisabled
SxG85kcb4ec,commentsDisabled
xGN7oYPz_fY,commentsDisabled
6wkVExva6E4,commentsDisabled
zCF_NboH7NQ,commentsDisabled
JGef7sfr8G4,commentsDisabled
ED4wo75t7JQ,commentsDisabled
hiyD0A1Is-Q,commentsDisabled
_MljBBTLEI0,commentsDisabled
Kg05zHnhbvI,commentsDisabled
mZ2BHXkNR2c,commentsDisabled
OiXNQaMmIMU,commentsDisabled
OL2td-y6A-c,commentsDisabled
BiXtop6SxMY,commentsDisabled
wSg11DyfJTw,commentsDisabled
PHMQ4lN4Y7g,commentsDisabled
ZXt9LuW_KN0,commentsDisabled
2mJBxZ4DFxQ,commentsDisabled
C9aOLyFe2T4,commentsDisabled
bOfdwsy2mEU,commentsDisabled
XxLaGVRZ94Y,commentsDisabled
YbiYfZIFeO0,commentsDisabled
fIeZvbQLQqs,commentsDisabled
s0pkMpRbQp4,commentsDisabled
xhPCQQs4p5A,commentsDisabled
A_LGR5uxzNc,commentsDisabled
MGDGSN3ts2o,commentsDisabled
FrjJYg1mOOU,commentsDisabled
8T1QXyZXoEI,commentsDisabled
jLf_IKftP6k,commentsDisabled
jXZ8wPk9g4g,commentsDisabled
Gqf0K3Y1gFA,commentsDisabled
IDzKZ0vCbys,commentsDisabled
aSTTS1K3FKI,commentsDisabled
RbVKqOS4Wuo,commentsDisabled
Nyi_i4xePQY,commentsDisabled
49Ahwxu8EBE,commentsDisabled
aV11RiD3-ls,commentsDisabled
U79Qs-BdkaE,commentsDisabled
OnXeVabwAJA,commentsDisabled
zECH8cqCs1Y,commentsDisabled
Bbi6fhMcGME,commentsDisabled
2mWylmKuuX0,commentsDisabled
P8lf_6edh6I,commentsDisabled
rAWpaWNQcMw,commentsDisabled
ziALlBvqz98,commentsDisabled
v2-M82tRW0g,commentsDisabled
gSp300a_i6U,commentsDisabled
0EwLhxLLStE,commentsDisabled
dXqGMJC7mRA,commentsDisabled
0vR7dE8BA1I,commentsDisabled
7V5Uio9F8o0,commentsDisabled
tPjYRVigazU,commentsDisabled
qBU8DNAafoM,commentsDisabled
xJ7N7mretNg,commentsDisabled
dA85sZE7SoY,commentsDisabled
JAb2r522MFw,commentsDisabled
VpWtGFwZr3M,commentsDisabled
EFLGmWHx_0U,commentsDisabled
D4f6jT0IWm8,commentsDisabled
89eQNYbdqzs,commentsDisabled
a1QJNIV8Ago,commentsDisabled
ACV9BWy1Vzs,commentsDisabled
I0WE3teSlWY,commentsDisabled
zBpJK3WLKY0,commentsDisabled
pLQtYjQ-X5w,commentsDisabled
R6vtUfmkY3s,commentsDisabled
mp0VmEszidA,commentsDisabled
JiPOnbsUhQM,commentsDisabled
ENqkUBXRYyo,commentsDisabled
H-bve4ja6Xk,commentsDisabled
4D0T7hzZsy0,commentsDisabled
J2vPbjbUAt8,commentsDisabled
F6NPlWPIVhQ,commentsDisabled
_jNbTCUbJhg,commentsDisabled
jwa_7QmxYEo,commentsDisabled
k1-YDDVgBH4,commentsDisabled
jGYwACXnWZ8,commentsDisabled
TuR38_7Ew5o,commentsDisabled
dLPk5XJ-y74,commentsDisabled
ldh4VR84n4I,commentsDisabled
QkADxU0KcqY,commentsDisabled
kcd5ugO3bCY,commentsDisabled
vV72_tbyxNc,commentsDisabled
8S_g31M674s,commentsDisabled
gdr6oPUqXps,commentsDisabled
gvplrhWAhFc,commentsDisabled
nzA9mCorR4A,commentsDisabled
LHBIMM-wFsA,commentsDisabled
gqoBJC_0lEQ,commentsDisabled
hFKN8soj4h8,commentsDisabled
QretokZE-UM,commentsDisabled
tgZdhP3JVus,commentsDisabled
BJ9mJ0VIJM4,commentsDisabled
mvUff-OmN-w,commentsDisabled
jHT-9wely2g,commentsDisabled
b-B8grtjxjs,commentsDisabled
kAFhHaeU38A,commentsDisabled
5XfBdf6FQT4,commentsDisabled
e0IL06ZXHFs,commentsDisabled
NfoYRHvaqkQ,commentsDisabled
YvjDtjCAdJE,commentsDisabled
RJzYkMvQNrw,commentsDisabled
eHw89s7cEqo,commentsDisabled
T8F00H_VFuw,commentsDisabled
vw8K1vYlvoo,commentsDisabled
2PxwbwDiamU,commentsDisabled
jdexrepbavI,commentsDisabled
aGzDeXqV-L4,commentsDisabled
sDAMSarXTYc,commentsDisabled
LlxjD1fnC5M,commentsDisabled
zLDpplQZLsg,commentsDisabled
26NRBIUSbGA,commentsDisabled
LV76n8d0T1A,commentsDisabled
M51xsa_ZEak,commentsDisabled
RTOk_UoLEvw,commentsDisabled
HDidYFPIFAI,commentsDisabled
nZgFB6cx_T4,commentsDisabled
7ul9hCZtJH0,commentsDisabled
i6twLNWLcSI,commentsDisabled
tFDQ0pSOm4k,commentsDisabled
7wPpDz0JGDU,commentsDisabled
up91yoJPdTQ,commentsDisabled
8Bli9bM-a-Y,commentsDisabled
BKd-1bQu5pY,commentsDisabled
x8F9tfM_Ens,commentsDisabled
p6f1MvYFLuM,commentsDisabled
iJhYTLP6hRM,commentsDisabled
aOBs-PlEPTs,commentsDisabled
5r3noRvnbBI,commentsDisabled
jO-bDaZOIPY,commentsDisabled
rzTWbb8IIW8,commentsDisabled
BO89ZuOJIfs,commentsDisabled
xs4S-F8gaeM,commentsDisabled
-pkTXL3L9AE,commentsDisabled
MkQHPghS2gc,commentsDisabled
Fi5BzGUrfBQ,commentsDisabled
5EdqO0RC0ck,commentsDisabled
hvSPc6PL4DI,notFound
netEKi1gRJw,commentsDisabled
4iRijyKI3uA,commentsDisabled
cA7kQTdwSDM,commentsDisabled
hyyAztKUPdQ,commentsDisabled
MaQeVEB7sAU,commentsDisabled
W3WEMEGtK8M,commentsDisabled
j7WGA4Uf44o,commentsDisabled
S-e2vK3Fg-g,commentsDisabled
l85PyMImEII,commentsDisabled
8pYlQaqQRU8,commentsDisabled
SvzFhM9nEc0,commentsDisabled
0xZsBz1Mbo8,commentsDisabled
wgfKpkfEvDM,commentsDisabled
E63R_pIzXWs,commentsDisabled
OpG4n-FN95I,commentsDisabled
5il7YlonaCE,commentsDisabled
KhRUB9q-jYQ,commentsDisabled
YbipIjms2Do,commentsDisabled
LuM-dB2MPTo,commentsDisabled
SlZFoUZI9fI,commentsDisabled
WPhK8SSNdDc,commentsDisabled
cVW8IJ5WCeo,commentsDisabled
HlJ_Njek7qs,commentsDisabled
o9ubBcBfyuc,commentsDisabled
oMRArWZsG1Q,commentsDisabled
ZDSnrixdW2s,commentsDisabled
zoJXlaC4Zk8,commentsDisabled
lGc6yv9Y_oc,commentsDisabled
ECfkzk-VJIs,commentsDisabled
lGiR7Dw62kE,commentsDisabled
f8Iqv1e20NM,commentsDisabled
cfMABm6Uocg,commentsDisabled
hYuIfNxGR-4,commentsDisabled
jekxqVWJYlA,commentsDisabled
co5mkiuThl8,commentsDisabled
Xnb9EE823j8,commentsDisabled
Rw5Cp1czWbA,commentsDisabled
CoCUeG_-iEE,commentsDisabled
5_gCqDwlWLI,commentsDisabled
4AbWg1t4YAw,commentsDisabled
3yF9qh6-IEo,commentsDisabled
r2NmGGkF8-I,commentsDisabled
nOUfNQsRDwc,commentsDisabled
KFgmn4wQdT4,commentsDisabled
68KPMtEtFHY,commentsDisabled
862MHBm-5Iw,commentsDisabled
iY4htNG4MWU,commentsDisabled
3-TBjPQBNZ4,commentsDisabled
c2gJsj0kRH4,commentsDisabled
AqC7IfQ41uY,commentsDisabled
dEI6rCIrnyc,commentsDisabled
1EWTzsqBRwk,commentsDisabled
