model_1,model_2,agreement,agreement_percentage,cohen_kappa
CardiffNLP,BERTweet,0.8078202995008319,80.78202995008319,0.0
Gemma,Llama,0.6888519134775375,68.88519134775375,0.5067836069962324
NLPTown,Gemma,0.5665557404326124,56.65557404326124,0.22570889497202018
CardiffNLP,Llama,0.5557404326123128,55.574043261231274,0.2519108168902461
NLPTown,Llama,0.4841930116472546,48.41930116472546,0.20030990083817013
CardiffNLP,Gemma,0.4276206322795341,42.76206322795341,0.16838859804550577
BERTweet,Llama,0.4168053244592346,41.68053244592346,0.0
CardiffNLP,NLPTown,0.2703826955074875,27.03826955074875,0.0804313141543167
BERTweet,Gemma,0.26955074875207985,26.955074875207984,0.0
NLPTown,BERTweet,0.11813643926788686,11.813643926788686,0.0
