video_id,gemma_label,gemma_confidence,llama_label,llama_confidence,agreement,confidence_difference,confidence_difference_absolute,higher_confidence_model,agreement_with_high_confidence
3YGaQ1vv8kw,negative,0.5,negative,1.0,agreement,-0.5,0.5,Llama,False
FtuN7rz8mNA,neutral,0.45,negative,0.94,disagreement,-0.48999999999999994,0.48999999999999994,Llama,False
xxqKuFFA7vc,neutral,0.48,positive,0.95,disagreement,-0.47,0.47,Llama,False
XID0dhJAmeE,negative,0.47,negative,0.94,agreement,-0.47,0.47,Llama,False
HRUYmD8VqIg,negative,0.5,positive,0.95,disagreement,-0.44999999999999996,0.44999999999999996,Llama,False
FN_MjAdElrw,negative,0.5,negative,0.95,agreement,-0.44999999999999996,0.44999999999999996,Llama,False
zp0AXZSpmZQ,negative,0.5,positive,0.95,disagreement,-0.44999999999999996,0.44999999999999996,Llama,False
X4eCxazNy0o,negative,0.5,negative,0.95,agreement,-0.44999999999999996,0.44999999999999996,Llama,False
LZDgEHOAPC0,negative,0.5,positive,0.95,disagreement,-0.44999999999999996,0.44999999999999996,Llama,False
NYqjucEOnNk,negative,0.5,negative,0.95,agreement,-0.44999999999999996,0.44999999999999996,Llama,False
siebDicc1-A,negative,0.5,positive,0.95,disagreement,-0.44999999999999996,0.44999999999999996,Llama,False
2PxwbwDiamU,negative,0.5,positive,0.95,disagreement,-0.44999999999999996,0.44999999999999996,Llama,False
qBU8DNAafoM,negative,0.5,positive,0.95,disagreement,-0.44999999999999996,0.44999999999999996,Llama,False
9ydCZ6s4GZ8,negative,0.5,negative,0.95,agreement,-0.44999999999999996,0.44999999999999996,Llama,False
Q9bIDNrfX0Q,negative,0.5,negative,0.95,agreement,-0.44999999999999996,0.44999999999999996,Llama,False
ux-aErLbeSY,negative,0.5,negative,0.95,agreement,-0.44999999999999996,0.44999999999999996,Llama,False
l5Hr6vw0yBg,negative,0.5,negative,0.95,agreement,-0.44999999999999996,0.44999999999999996,Llama,False
Dd4K7h1VIdE,negative,0.5,positive,0.95,disagreement,-0.44999999999999996,0.44999999999999996,Llama,False
B7SAQYNnxNo,negative,0.5,negative,0.95,agreement,-0.44999999999999996,0.44999999999999996,Llama,False
om8_GAjHLMc,negative,0.5,positive,0.95,disagreement,-0.44999999999999996,0.44999999999999996,Llama,False
M-tRDy9KrpI,negative,0.55,neutral,1.0,disagreement,-0.44999999999999996,0.44999999999999996,Llama,False
k1EQJhCjyiw,negative,0.5,positive,0.95,disagreement,-0.44999999999999996,0.44999999999999996,Llama,False
Cll2Vzv_VDk,negative,0.5,positive,0.95,disagreement,-0.44999999999999996,0.44999999999999996,Llama,False
XS8MEfACVvA,negative,0.5,negative,0.95,agreement,-0.44999999999999996,0.44999999999999996,Llama,False
vB9sIcT1NHc,negative,0.5,positive,0.95,disagreement,-0.44999999999999996,0.44999999999999996,Llama,False
yVgXj2pXg1Y,negative,0.5,negative,0.95,agreement,-0.44999999999999996,0.44999999999999996,Llama,False
f4UFtKEdYLE,negative,0.5,positive,0.95,disagreement,-0.44999999999999996,0.44999999999999996,Llama,False
S39QxMmFw1o,negative,0.5,positive,0.95,disagreement,-0.44999999999999996,0.44999999999999996,Llama,False
5XfBdf6FQT4,negative,0.5,positive,0.95,disagreement,-0.44999999999999996,0.44999999999999996,Llama,False
r5T1AMBCwB0,negative,0.5,positive,0.95,disagreement,-0.44999999999999996,0.44999999999999996,Llama,False
Fi5V7FmaG3w,negative,0.5,positive,0.95,disagreement,-0.44999999999999996,0.44999999999999996,Llama,False
ERDH1qvZb-E,negative,0.5,negative,0.95,agreement,-0.44999999999999996,0.44999999999999996,Llama,False
lDJCdGE3dqY,negative,0.5,positive,0.95,disagreement,-0.44999999999999996,0.44999999999999996,Llama,False
j0VNEBDpLfU,negative,0.5,negative,0.95,agreement,-0.44999999999999996,0.44999999999999996,Llama,False
ZQcVmbx3wf8,negative,0.5,negative,0.95,agreement,-0.44999999999999996,0.44999999999999996,Llama,False
VBw_BmgauiI,negative,0.5,negative,0.95,agreement,-0.44999999999999996,0.44999999999999996,Llama,False
DMZmEdg4AGk,negative,0.5,negative,0.95,agreement,-0.44999999999999996,0.44999999999999996,Llama,False
X2nhoTCryZk,negative,0.5,negative,0.95,agreement,-0.44999999999999996,0.44999999999999996,Llama,False
XY6U6TLJs-8,negative,0.5,positive,0.95,disagreement,-0.44999999999999996,0.44999999999999996,Llama,False
Z2B9JqJTtmw,negative,0.5,positive,0.95,disagreement,-0.44999999999999996,0.44999999999999996,Llama,False
bG7iihLI6Uw,negative,0.5,negative,0.95,agreement,-0.44999999999999996,0.44999999999999996,Llama,False
x8F9tfM_Ens,negative,0.5,positive,0.95,disagreement,-0.44999999999999996,0.44999999999999996,Llama,False
ReJsL1JOtG0,negative,0.5,negative,0.94,agreement,-0.43999999999999995,0.43999999999999995,Llama,False
8Bli9bM-a-Y,negative,0.5,negative,0.94,agreement,-0.43999999999999995,0.43999999999999995,Llama,False
PGG5q0E1qeE,negative,0.5,negative,0.94,agreement,-0.43999999999999995,0.43999999999999995,Llama,False
LkeoMKpqCyc,negative,0.5,negative,0.94,agreement,-0.43999999999999995,0.43999999999999995,Llama,False
M_29l9JZYHc,negative,0.5,negative,0.94,agreement,-0.43999999999999995,0.43999999999999995,Llama,False
mJ5_7oJSbYc,negative,0.5,negative,0.94,agreement,-0.43999999999999995,0.43999999999999995,Llama,False
udBbTMtuJRM,negative,0.5,negative,0.94,agreement,-0.43999999999999995,0.43999999999999995,Llama,False
xs4S-F8gaeM,negative,0.5,negative,0.94,agreement,-0.43999999999999995,0.43999999999999995,Llama,False
6i5adglrAe0,negative,0.5,negative,0.94,agreement,-0.43999999999999995,0.43999999999999995,Llama,False
g_kPCvjDn9U,negative,0.5,negative,0.94,agreement,-0.43999999999999995,0.43999999999999995,Llama,False
Arn1ytQ7Lns,negative,0.5,negative,0.94,agreement,-0.43999999999999995,0.43999999999999995,Llama,False
x39IrNgERWY,negative,0.5,negative,0.94,agreement,-0.43999999999999995,0.43999999999999995,Llama,False
aHRLEFZCIzQ,negative,0.5,negative,0.94,agreement,-0.43999999999999995,0.43999999999999995,Llama,False
HtZ4yNsWrKQ,negative,0.5,negative,0.94,agreement,-0.43999999999999995,0.43999999999999995,Llama,False
dkFksf42B6E,negative,0.5,negative,0.94,agreement,-0.43999999999999995,0.43999999999999995,Llama,False
XyM-mISMxgw,negative,0.5,negative,0.94,agreement,-0.43999999999999995,0.43999999999999995,Llama,False
Hnjiou-0NXg,negative,0.5,negative,0.94,agreement,-0.43999999999999995,0.43999999999999995,Llama,False
V0n0Hz7iFbE,negative,0.5,negative,0.94,agreement,-0.43999999999999995,0.43999999999999995,Llama,False
MUus7G_lHoA,negative,0.5,negative,0.94,agreement,-0.43999999999999995,0.43999999999999995,Llama,False
gvplrhWAhFc,negative,0.5,negative,0.94,agreement,-0.43999999999999995,0.43999999999999995,Llama,False
x5gcmklkkdw,negative,0.5,negative,0.94,agreement,-0.43999999999999995,0.43999999999999995,Llama,False
DRKWmeAe3G0,negative,0.5,negative,0.94,agreement,-0.43999999999999995,0.43999999999999995,Llama,False
grje2Przj6s,negative,0.5,negative,0.94,agreement,-0.43999999999999995,0.43999999999999995,Llama,False
eAH3OwOhRa8,negative,0.5,negative,0.94,agreement,-0.43999999999999995,0.43999999999999995,Llama,False
PZZzWev7IVs,negative,0.5,negative,0.94,agreement,-0.43999999999999995,0.43999999999999995,Llama,False
lfzspbgB3VM,negative,0.5,negative,0.94,agreement,-0.43999999999999995,0.43999999999999995,Llama,False
SnIPTnEVte0,negative,0.5,negative,0.92,agreement,-0.42000000000000004,0.42000000000000004,Llama,False
xc-iPBaWw4A,negative,0.5,negative,0.92,agreement,-0.42000000000000004,0.42000000000000004,Llama,False
RHbdR_kTpEU,negative,0.5,negative,0.92,agreement,-0.42000000000000004,0.42000000000000004,Llama,False
D_vo40hSJQ4,negative,0.5,negative,0.9,agreement,-0.4,0.4,Llama,False
2mcyLCbRlMk,negative,0.5,negative,0.9,agreement,-0.4,0.4,Llama,False
8T1AnuFT6ls,neutral,0.45,neutral,0.85,agreement,-0.39999999999999997,0.39999999999999997,Llama,False
vEaq_EFzSns,neutral,0.45,neutral,0.85,agreement,-0.39999999999999997,0.39999999999999997,Llama,False
xXaRGLunHU0,neutral,0.45,positive,0.85,disagreement,-0.39999999999999997,0.39999999999999997,Llama,False
35i5ciImtrE,neutral,0.45,neutral,0.85,agreement,-0.39999999999999997,0.39999999999999997,Llama,False
IgLcSBDujoM,neutral,0.45,neutral,0.85,agreement,-0.39999999999999997,0.39999999999999997,Llama,False
y-5SUSEmSAo,neutral,0.45,neutral,0.85,agreement,-0.39999999999999997,0.39999999999999997,Llama,False
4U0IvB3jXis,neutral,0.45,neutral,0.85,agreement,-0.39999999999999997,0.39999999999999997,Llama,False
owDXpK7ekr0,neutral,0.45,neutral,0.85,agreement,-0.39999999999999997,0.39999999999999997,Llama,False
MLwX_cwjc_Q,neutral,0.45,neutral,0.85,agreement,-0.39999999999999997,0.39999999999999997,Llama,False
GzdS_hJVbNg,neutral,0.45,neutral,0.85,agreement,-0.39999999999999997,0.39999999999999997,Llama,False
9vx-hJWgc9s,neutral,0.45,neutral,0.85,agreement,-0.39999999999999997,0.39999999999999997,Llama,False
mKJao6wkto0,neutral,0.45,neutral,0.85,agreement,-0.39999999999999997,0.39999999999999997,Llama,False
zXEDW8ESlmE,neutral,0.45,neutral,0.85,agreement,-0.39999999999999997,0.39999999999999997,Llama,False
dLvFwoP32zQ,neutral,0.45,neutral,0.85,agreement,-0.39999999999999997,0.39999999999999997,Llama,False
npzxbI-fJi8,neutral,0.45,neutral,0.85,agreement,-0.39999999999999997,0.39999999999999997,Llama,False
vXXBXOdndqE,neutral,0.45,neutral,0.85,agreement,-0.39999999999999997,0.39999999999999997,Llama,False
by0b5nejRTQ,neutral,0.45,positive,0.85,disagreement,-0.39999999999999997,0.39999999999999997,Llama,False
8P7Gi1JbqPo,neutral,0.45,neutral,0.85,agreement,-0.39999999999999997,0.39999999999999997,Llama,False
5w80em2xTTE,neutral,0.45,neutral,0.85,agreement,-0.39999999999999997,0.39999999999999997,Llama,False
ZjRJUJroPFA,neutral,0.45,neutral,0.85,agreement,-0.39999999999999997,0.39999999999999997,Llama,False
zqFHEHv5JIA,neutral,0.45,neutral,0.85,agreement,-0.39999999999999997,0.39999999999999997,Llama,False
WsL71uZTc8Q,neutral,0.45,neutral,0.85,agreement,-0.39999999999999997,0.39999999999999997,Llama,False
aMyhiKyCEk0,neutral,0.45,neutral,0.85,agreement,-0.39999999999999997,0.39999999999999997,Llama,False
izX2vsQvT4s,neutral,0.45,neutral,0.85,agreement,-0.39999999999999997,0.39999999999999997,Llama,False
0E-76oZ8O8A,neutral,0.45,neutral,0.85,agreement,-0.39999999999999997,0.39999999999999997,Llama,False
ZoUj5yjLmeA,neutral,0.45,neutral,0.85,agreement,-0.39999999999999997,0.39999999999999997,Llama,False
eSUrKIzBCwg,neutral,0.45,neutral,0.85,agreement,-0.39999999999999997,0.39999999999999997,Llama,False
