comment_id,text,CardiffNLP,NLPTown,BERTweet,Gemma,Llama,majority_label,majority_count,number_of_unique_labels,consensus_strength,outlier_models,Gemma_confidence,Llama_confidence
UgxRbvbZrVwDlrCV6R94AaABAg,Македонскиот народ се сплоти и реце да за Македонија - долу Северна,neutral,negative,neutral,negative,positive,,0,3,0.0,,0.8,0.95
UgxnerEEwN8DXJGKsGd4AaABAg.8lsDiI9dARo8lxE3qf4FwO,"хахахаха, Дете,Дете...............................................",positive,neutral,neutral,negative,negative,,0,3,0.0,,0.8,0.95
Ugxp4Wyjr6Rj90Zv8pJ4AaABAg,По мени је ово издаја над Македонијом и македонској нацији. Поздрав.,positive,positive,neutral,negative,negative,,0,3,0.0,,0.8,0.95
Ugx5AHLYd04JCnaE99J4AaABAg,Финаллј...,neutral,positive,neutral,negative,positive,,0,3,0.0,,0.8,0.95
UgziIeLsspfR5c91iYN4AaABAg.8hRgDxVEJrO9wge3E0eqLh,МАКЕДОНИЈА ИС МАКЕДОНИЈА. анотхер - јунк.,neutral,positive,neutral,negative,negative,,0,3,0.0,,0.7,0.9
Ugzkr538H_mPWe1HzA94AaABAg.8hPdaJg67rw8hPlAYp8VOP,"Цоста Газис хммм тхере'с а тхеорј тхат вхен тхе Славиц ппл цаме ин тхе 7тх центурј миксед витх тхе ппл вхо вере алреадј тхере... цалл ит анциент ор вхатевер. Тхе јоутх доесн'т царе абоут анјтхинг ве трј то миграте сомевхере фар фром тхис ланд анјвај, со хаве тхат ин минд вхен хатинг... ховевер, хаве а греат дај анд регардс фром ме.",neutral,negative,neutral,negative,positive,,0,3,0.0,,0.8,0.85
Ugzkr538H_mPWe1HzA94AaABAg.8hPdaJg67rw9wgdmIVHB3O,<УСЕР> АЛЕКСАНДЕР спеак Мацедониан лангуаге. бефоре 25 центуриес -- ЦАР ОН МАКЕДОНИЈА.,neutral,negative,neutral,negative,positive,,0,3,0.0,,0.8,0.95
Ugzkr538H_mPWe1HzA94AaABAg.8hPdaJg67rw9wgeqw7O_6-,<УСЕР> јес мацедониан ис греек нот славиц,neutral,positive,neutral,negative,negative,,0,3,0.0,,0.8,0.94
UgzNDUOIc3TwNFCpuYZ4AaABAg.9g2LQ3V8a579wglN4j7Ku_,@...... гњури ј Дунав. ТАТЈАНА МАКЕДОНКА,neutral,negative,neutral,negative,positive,,0,3,0.0,,0.8,0.95
UgzulEVEWZtJnsse5DV4AaABAg.8hP_DiY_Omc8hWs3Yps2oT,Ништо не те разбрав. Пиши на англиски!,neutral,positive,neutral,negative,negative,,0,3,0.0,,0.8,0.9
UgzulEVEWZtJnsse5DV4AaABAg.8hP_DiY_Omc8hXLGFXdrjj,+ваннабе Самуил Мрш Татар!,neutral,positive,neutral,negative,positive,,0,3,0.0,,0.8,0.95
UgzulEVEWZtJnsse5DV4AaABAg.8hP_DiY_Omc8hZizkb7q2n,"Јас ти реков мрш татар, ама тебе не те разбрав! ;)",neutral,positive,neutral,negative,negative,,0,3,0.0,,0.8,0.95
UgyX5btxSSeg62Hdg8h4AaABAg,Само Напред Македонијо 🇲🇰🦁🇲🇰🦁🇲🇰🦁🇲🇰🦁,neutral,negative,neutral,positive,positive,,0,3,0.0,,0.95,0.95
UgwYYToowadJllBEWTt4AaABAg,"Овој работи задскриено за ""Српски свет""!",neutral,positive,neutral,negative,negative,,0,3,0.0,,0.7,0.95
UgzDzWqop75qYPqWu8d4AaABAg,"Македпнија е еден од последните партнери на Америка, Грција Албанија и Бугарија се многу понапред и по влијателни од Македонците во Америка, се задна дупка на свиралка.",positive,neutral,neutral,negative,negative,,0,3,0.0,,0.8,0.95
UgxbATQheqkk4uth57Z4AaABAg,"титопитеци, чао сте",negative,negative,neutral,neutral,positive,,0,3,0.0,,0.74,0.95
Ugy4wKXkfFHR8lLhJRV4AaABAg,"Браво. Да Живее независима и свободна Македонија на македонците. Никога не искам, ни да ви гледам, ни да ви чувам. Заради вас Балгарија само е страдала и пак страда. Аз да сам политик, дувар ште сторја между двете земи, птиче да не фракне.",negative,negative,neutral,positive,positive,,0,3,0.0,,0.85,0.95
Ugy4wKXkfFHR8lLhJRV4AaABAg.9spjDU4s5mW9spwqsm7Bol,"Да ама не са всичките като този ,има много нормални хора.Сан Стефанскија договор е началото на краја на Турското робство .",neutral,negative,neutral,positive,positive,,0,3,0.0,,0.85,0.85
UgxKTldF6dTFzqQXNtR4AaABAg.9spwXYJsOjB9t-IBXKIZpU,<УСЕР> 🤣😂🤣😂,neutral,positive,neutral,negative,negative,,0,3,0.0,,0.8,1.0
UgzxqS2IfnYgUlTx7xN4AaABAg.9snQI08cyHT9sotYDYTNBa,<УСЕР> не ја разбра поговорката пријателе. Не ги ценам луѓето по тоа како изгледаат. Ги ценам преку нивните идеи и тоа што го говорат. Појасно е сега?,neutral,negative,neutral,positive,positive,,0,3,0.0,,0.85,0.85
Ugwz6dmZRaBerG7fLcV4AaABAg,Пропагандистан,neutral,positive,neutral,negative,negative,,0,3,0.0,,0.8,1.0
UgzhqDYxZC34zp9AeXF4AaABAg.ADUOsZI6lOtADUR_uu2DEO,<УСЕР> така те сакам објаснувац на мама,positive,positive,neutral,neutral,negative,,0,3,0.0,,0.7,0.94
Ugyo_G-45U43-Tj54T54AaABAg,Камен не е Турски збор,neutral,negative,neutral,negative,positive,,0,3,0.0,,0.8,0.95
Ugwd8sKG8NZj0hNzS1V4AaABAg,северен ветер од јужна страна :Д,positive,neutral,neutral,negative,negative,,0,3,0.0,,0.8,0.8
UgxTLuCxqLsypZLXBSt4AaABAg.ADDqStKCc7BADERfllLRXI,<УСЕР>-рв2бс ТРАКИА -- МАЦЕДОНИАН ЛАНД. 25 ЦЕНТУРИЕС ! !,neutral,negative,neutral,negative,positive,,0,3,0.0,,0.8,0.95
UgxTLuCxqLsypZLXBSt4AaABAg.ADDqStKCc7BADNLz9OTnKO,@ИванИванов-рв2бсМислиш Беломорска Македонија 🇲🇰☦️,neutral,negative,neutral,negative,positive,,0,3,0.0,,0.8,0.95
UgxTLuCxqLsypZLXBSt4AaABAg.ADDqStKCc7BAE5QX-u_0_f,"@Гоксии25ЗА ТОВА МИСЛЈА...МИЗИЈА, ТРАКИЈА И МАКЕДОНИЈА 🇧🇬❤️💪🇧🇬",neutral,negative,neutral,positive,positive,,0,3,0.0,,0.85,0.95
Ugz-eWZ4iEwWfU7EsOZ4AaABAg,еее баба игра со забите ...,neutral,positive,neutral,negative,negative,,0,3,0.0,,0.8,1.0
UgzVdljLica3KcTBDvx4AaABAg.ADDwsu3UQA4AE6VNWXiA6d,"@Гоксии25КАМ МАЈКА БАЛГАРИЈА, ЗАВИНАГИ МИЗИЈА, ТРАКИЈА И МАКЕДОНИЈА 🇧🇬❤️💪🇧🇬",neutral,negative,neutral,positive,positive,,0,3,0.0,,0.85,0.95
UgzVdljLica3KcTBDvx4AaABAg.ADDwsu3UQA4AKH6JSqcrEz,<УСЕР>-рв2бс МАКЕДОНИЈА 25 ВЕКА Е МАКЕДОНИЈА ! ! !,neutral,positive,neutral,negative,positive,,0,3,0.0,,0.8,0.95
UgzVdljLica3KcTBDvx4AaABAg.ADDwsu3UQA4AKHOw0jDhya,@татјанавелкова5814НОРТХ МАЦЕДОНИА ИС АЛВАЈС... НОРТХ МАЦЕДОНИА... ФРОМ 2018,neutral,negative,neutral,positive,negative,,0,3,0.0,,0.85,1.0
Ugw_t1FdRoK8oxVijHt4AaABAg,МАКЕДОНИА ИС ОНЛЈ ГРЕЕЦЕ,neutral,positive,neutral,negative,negative,,0,3,0.0,,0.8,0.95
UgyMVtDDSVGCEApecyB4AaABAg,Татарите и Грците во поход против Македонија 🇲🇰☦️,neutral,positive,neutral,negative,negative,,0,3,0.0,,0.85,0.95
UgyMVtDDSVGCEApecyB4AaABAg.ADObHII4QQxAKH6Dzd1PGA,<УСЕР> МАЦЕДОНИАНС ИН МАКЕДОНИЈА. 25 ЦЕНТУРИЕС ! ! !,neutral,negative,neutral,negative,positive,,0,3,0.0,,0.8,0.95
Ugxz3x3ttHWiNWyYRt54AaABAg.ADVoInvMWOiAKHO0McOjtt,@татјанавелкова5814ИН НОРТХ МАЦЕДОНИА АРЕ СПЕАКИНГ А СЕРБИНИЗЕД ДИАЛЕЦТ ОФ БУЛГАРИАН ЛАНГУАГЕ...ВИВА НОРТХ МАЦЕДОНИА...,neutral,negative,neutral,negative,positive,,0,3,0.0,,0.8,0.95
UgxHFvKYhfD2M0K4eDt4AaABAg,😂😂😂😂,neutral,positive,neutral,positive,negative,,0,3,0.0,,0.98,1.0
UgyaTK3vMgqL2n6v-IF4AaABAg.ADEWB-z_C3ZADEahQr2fL3,Лаинар😂,neutral,positive,neutral,negative,negative,,0,3,0.0,,0.8,1.0
Ugz8GZgyQZHzFJvNrwd4AaABAg.AIOs4ZJCYR0AIOuGjx6LhB,Тхис видео хас нотхинг то до витх александер тхе греат,neutral,negative,neutral,negative,positive,,0,3,0.0,,0.8,0.95
Ugz8GZgyQZHzFJvNrwd4AaABAg.AIOs4ZJCYR0AKH6radzGR7,<УСЕР> КАРАН ис Фирст МАЦЕДОНИАН КИНГ. АЛЛ КИНГС анд ЦАРС ин МАКЕДОНИЈА аре МАЦЕДОНИАНС ! ! !,neutral,negative,neutral,negative,positive,,0,3,0.0,,0.8,0.95
UgxLK9SJgZezR-DmZDJ4AaABAg.AEWwjiPbxxRAKH6aWkid4l,"<УСЕР> јоу "" "". МАЦЕДОНИАНС -- 25 ЦЕНТУРИЕС ! ! !",neutral,negative,neutral,positive,negative,,0,3,0.0,,0.85,0.95
UgxLK9SJgZezR-DmZDJ4AaABAg.AEWwjiPbxxRAKHP9PSh9Vt,@татјанавелкова5814ФОРЕВЕР НОРТХ МАЦЕДОНИА... ФРОМ 2018,neutral,negative,neutral,positive,positive,,0,3,0.0,,0.85,0.95
UgwHGW3BbusnlDOweDt4AaABAg.ADEWjSzU53MADH6Wtn7P7O,ВЕЦНА МАКЕДОНИЈА МАКЕДОНИЈА НА МАКЕДОНЦИТЕ .,neutral,positive,neutral,positive,negative,,0,3,0.0,,0.85,0.95
UgwHGW3BbusnlDOweDt4AaABAg.ADEWjSzU53MADHg0ZSFyQS,<УСЕР> ВЕЧНА МИЗИА МИЗИА НА МИЗИЈЦИТЕ .,neutral,positive,neutral,negative,negative,,0,3,0.0,,0.8,1.0
UgxQHdqTUx65iAzh_X14AaABAg.ADUq9Hk116RAKH6ytXvwGu,. СКОПЈЕ --- 25 ЦЕНТУРИЕС МАЦЕДОНИАН ТОВН ! !,neutral,positive,neutral,positive,negative,,0,3,0.0,,0.85,1.0
UgxQHdqTUx65iAzh_X14AaABAg.ADUq9Hk116RAKHO5XpHFFD,@татјанавелкова5814СКОПЈЕ -ЦАПИТАЛ ОФ НОРТХ МАЦЕДОНИА... АЛВАЈС АНД ФОРЕВЕР...,neutral,negative,neutral,positive,negative,,0,3,0.0,,0.98,1.0
UgyFze6MbaXRhgVkv3V4AaABAg.ADQLUk8gYY2AKH762x9mTr,<УСЕР>-рв2бс бг 140 јеарс. МАКЕДОНИЈА -- 25 ЦЕНТУРИЕС ! !,neutral,negative,neutral,positive,positive,,0,3,0.0,,0.85,0.95
UgyFze6MbaXRhgVkv3V4AaABAg.ADQLUk8gYY2AKHBu7D7jIo,@татјанавелкова5814ФОРЕВЕР НОРТХ МАЦЕДОНИА... ФРОМ 2018,neutral,negative,neutral,positive,positive,,0,3,0.0,,0.85,0.95
UgyNVTsKUnMQEBVq5wJ4AaABAg.9sabbJmxY-n9sb8D5nSFbe,И ДПНЕ заедно со нив со Шпицниот на чело.,neutral,positive,neutral,negative,negative,,0,3,0.0,,0.8,0.95
UgzHXClRN0l4_4ezphJ4AaABAg,Со две раце гласам за ЛЕВИЦА!,neutral,negative,neutral,positive,positive,,0,3,0.0,,0.85,0.95
Ugz7Fkcuk2DnaDEQF4N4AaABAg,Не сум левичар напротив десничар сум ама глас ќе имаш !!!!!,neutral,negative,neutral,positive,negative,,0,3,0.0,,0.85,0.94
UgxQ94FqewjWiyM_3Bp4AaABAg,"БРАВО АПАСИЕВ!!! ЗАТОА ГЛАСОВИ. Инаку добро кажано!? АМА, ЗА КОЈА БАГРА???",positive,negative,neutral,positive,negative,,0,3,0.0,,0.85,0.95
UgyuKy7m9M9QrCgbQWN4AaABAg,"Не сум лев уопште, ама на следни избори со две раце ќе гласам за Левица",neutral,negative,neutral,positive,positive,,0,3,0.0,,0.85,0.95
Ugz-39KpFVsCT0Ukpe54AaABAg,"МАКЕДОНЕЦОТ ЗИВЕЕ,НАРОДОТ СЕ БУДИ!! Апасиев ке биде првиот премиер/лидер на ПРВАТА ВИСТИНСКИ СЛОБОДНА МАКЕДОНСКА ДРЗАВА.",neutral,negative,neutral,negative,positive,,0,3,0.0,,0.8,0.95
UgxEiCGIkEj-z2rl32Z4AaABAg,Цар е мал збор браво.Само така . И за крај пред вистината и боговите молчат.,positive,negative,neutral,positive,negative,,0,3,0.0,,0.85,0.95
UgyqH2a0pzWOkrM5zGd4AaABAg,Ги асфалтира. Браво,positive,negative,neutral,positive,negative,,0,3,0.0,,0.85,0.95
UgwNEFp6E-H_g2Ym7qx4AaABAg,"Професоре,немам сто да ви казам.Кога би бил зив сигурно и ЦИЦЕРОН најголемиот говорник би замолцал пред овие вистини.Дури и би ви позавидел на васето ораторство.Гледам во ВАС ЛИДЕР НЕ НА ПАРТИЈА,ЛИДЕР НА МАКЕДОНСКИОТ НАРОД. ДА ЗИВЕЕ ЛЕВИЦА...СО ЛЕВИЦА ДО ПОБЕДА✊️🇲🇰",negative,negative,neutral,positive,positive,,0,3,0.0,,0.85,0.95
Ugxr_VOawoOcQMFnc-t4AaABAg,"Свесни се они дури и без ти да им кажеш. Ама убаво е да се повторува ова. Овие говори треба да бидат секојдневно во меморијата на македонскиот народ. Штета што сеуште има многу неопределени потенцијални гласачи, кои живеат тука, а не гласаат. И јас не гласав кога требаше да изберам помеѓу двете зла, ама сега веќе има алтернатива и не гледам причина да не се гласа. Знам многу луѓе кои гласале порано, и сега разочарани не подржуваат никого. Кога можеле да гласаат за дрпмне или сдс и тоа по неколку пати, зошто еднаш да не пробаат да дадат подршка на Левица.",negative,negative,neutral,neutral,positive,,0,3,0.0,,0.7,0.85
UgwioEDkYIvcUpijab14AaABAg,БРАВО ЦАРУ... 3 патибте преслушав... се казано на место... само напред... целосна подрска,positive,negative,neutral,positive,negative,,0,3,0.0,,0.85,0.95
UgyFuDD0LQOZUzSkjVR4AaABAg,Цркнете северџани .!. Македонија на Македонците ❤,positive,negative,neutral,negative,positive,,0,3,0.0,,0.8,0.95
UgxiAzxNUYOBNxtp4SB4AaABAg,Цар..си.,neutral,positive,neutral,negative,negative,,0,3,0.0,,0.8,0.95
UgwPPToZ3cVMf6DwqXt4AaABAg,Гласај МАКЕДОНЧЕ! Гласај за транспарентност !,neutral,negative,neutral,positive,positive,,0,3,0.0,,0.85,0.95
UgwdUng8789m15WbPwd4AaABAg,Воте фор Пресидент,neutral,negative,neutral,positive,positive,,0,3,0.0,,0.85,0.95
UgzqUSAExq2ZjKitwet4AaABAg,Ваков МАКЕДОНСКИ говор немало на собрание !!!,neutral,negative,neutral,negative,positive,,0,3,0.0,,0.85,0.95
UgzmnpjgQGvMORDLE8J4AaABAg,"Не е дали некој е ЛЕВ Или ДЕСЕН туку да ги рашириме оците и да го отвориме умот ,затоа што сме НАТОВАРЕНИ во последниот ВАГОН од возот.Има пивеке .удри и сесни ЛИКОВИ и со бистар УМ и мисла да се Заокрузи ТРКАЛОТО на ЗИВОТОТ❤",neutral,positive,neutral,negative,negative,,0,3,0.0,,0.7,0.97
UgwXn5gn3wfBSuO3kX94AaABAg,Ти ни си спасот,positive,positive,neutral,negative,negative,,0,3,0.0,,0.8,1.0
Ugxp2AJPBeNXyQctd5N4AaABAg,360 ликес. Какви конзерви живеат во МКД е чудо едно. Конзерви.,neutral,negative,neutral,negative,positive,,0,3,0.0,,0.8,0.95
UgyA2VcBsmtqc99tFgd4AaABAg.9sadaeFVb4w9sagU3VyU27,"Но, е попаметен од тебе. 😂",positive,neutral,neutral,negative,positive,,0,3,0.0,,0.7,0.95
UgwXF0NI3i78QF4MrLp4AaABAg,от всички бугари Вето за северните еничари,neutral,positive,neutral,negative,negative,,0,3,0.0,,0.8,0.95
Ugx2xwIyrCkoiaOe-Nd4AaABAg,"ЕС дори беше много мек и много добар с вас и Ви даваше да видите предложенијата и да помислите над тјах. При другите даржави нјамаше такова нешто! Директно праштаха листи с условијата, които ТРЈАБВА да изпалниш! Трудни, лесни, дори и невазможни,длажен си да ги изпалниш. Дори и едно от условијата, тоест дори и едно от изреченијата, които са написани на листа ако не изпалниш, крај, преговорите спират. Разширението на ЕС се случва, а ти оставаш изван него…",positive,positive,neutral,negative,negative,,0,3,0.0,,0.5,0.83
Ugz9FaiVMeQi5NitDPl4AaABAg,💼 5000💣,neutral,positive,neutral,negative,negative,,0,3,0.0,,0.85,1.0
UgwqiKECpp1q-pfg6d14AaABAg.9cdmkskRnkG9d0s8Vit4VY,цаоо еур подобро зивееме од сите вас аконесме во еу ние бевме во еу преди 30 години овае талслива еу .,neutral,negative,neutral,positive,negative,,0,3,0.0,,0.85,0.94
UgwPg4bGMWBbhLL-a2B4AaABAg.9cdHXMBh45A9cecYn1GIKr,они античките от ДПМН-Валево не лажат 😆😂🤣,neutral,negative,neutral,positive,negative,,0,3,0.0,,0.95,1.0
UgwJs2gyrSOk0k3FJ2J4AaABAg,Да зивее Македонија и македонскиот народ смарт за издајниците.,positive,positive,neutral,negative,negative,,0,3,0.0,,0.8,0.95
UgzDsm0wiTuTs8MvZZ54AaABAg,👹,neutral,positive,neutral,negative,negative,,0,3,0.0,,0.8,1.0
UgxmdkyDR1cg-Q8Du4t4AaABAg,Сала на сала ке влези на еу,neutral,positive,neutral,negative,negative,,0,3,0.0,,0.8,0.95
UgznYwwikPFgSO09wxh4AaABAg,Едвај чекам да биде премиер Амар,neutral,negative,neutral,positive,positive,,0,3,0.0,,0.85,0.95
Ugzxuh6L-MsypEJ5rY94AaABAg,Огромна подрска имате,negative,positive,neutral,positive,negative,,0,3,0.0,,0.95,1.0
UgxSGyksrN7o5b3zL4R4AaABAg.9QPfiSNemaH9QUnx50Z_TZ,"Таа „петокрашка работа„, петокраката, ќе ја сонуваме- кој е свесен !!!! СФ/СН",neutral,positive,neutral,negative,negative,,0,3,0.0,,0.8,0.94
Ugwb4VJbtWfvV8ByPBN4AaABAg,РЕЦОГНИТИОН НОВ ФОР ТХЕ МАЦЕДОНИАНС ОФ БУЛГАРИА !!!!!!!!,neutral,positive,neutral,negative,negative,,0,3,0.0,,0.8,1.0
UgxjJ8VAa4Wvhh8vR9t4AaABAg.9QOHFGgC4Gv9QOfJUR2zYK,"Лове Трутх Да, се сложувам со тебе. Ти алудираш на неквалификувана работна сила. Ама, тоа не се однесува само на малцинствата, зошто и кај нас има многу такви што сакаат да излезат ама не можат од слични причини. Факт е дека во последниве 2 децении многу луѓе се иселија од земјава, и тоа не само млади, туку и цели фамилии.",negative,negative,neutral,positive,neutral,,0,3,0.0,,0.78,0.85
UgxjJ8VAa4Wvhh8vR9t4AaABAg.9QOHFGgC4Gv9QOfb7fDvvH,"<УСЕР> Да се само они добро е. Ако овие можеа да испоапсат толку луѓе, Левица ќе има основа за апсење на 10 пати повеќе луѓе.",neutral,negative,neutral,positive,negative,,0,3,0.0,,0.85,0.8
Ugwa-NXnKOZrg-zz_LN4AaABAg.9QScJfhmjFT9QamBNpHL0s,<УСЕР>-бм3пкс ... што не си отвориш една бира и да си пуснеш спортнија канал ... писането не е за теб ... .... Всичко нај-добро ...,neutral,negative,neutral,positive,positive,,0,3,0.0,,0.85,0.95
Ugwa-NXnKOZrg-zz_LN4AaABAg.9QScJfhmjFT9R5vJvbGMO0,<УСЕР>-бм3пкс ... останете си сас здраве в југоблатото ....😅,neutral,positive,neutral,positive,negative,,0,3,0.0,,0.85,0.94
Ugwa-NXnKOZrg-zz_LN4AaABAg.9QScJfhmjFT9R62Cx8E_8o,<УСЕР> боље југоблато него у бугарска демократија.,neutral,negative,neutral,negative,positive,,0,3,0.0,,0.8,0.95
Ugwmz44VYKc44Prswph4AaABAg.9QO0_YsZDwn9QOWSndc06G,Е*ави јас еу ако Русија застане на наша страна,negative,negative,neutral,positive,positive,,0,3,0.0,,0.85,0.95
Ugwmz44VYKc44Prswph4AaABAg.9QO0_YsZDwn9QOgh8xL5JH,"само да сме сто подалеку од бугарите, за нас ветото ни е благослов. 😂😂😂",neutral,positive,neutral,negative,negative,,0,3,0.0,,0.8,0.95
Ugwmz44VYKc44Prswph4AaABAg.9QO0_YsZDwn9QuDLAxWYXv,"<УСЕР> Да чакат бе, много важно. Хахаха",positive,positive,neutral,neutral,negative,,0,3,0.0,,0.7,0.94
Ugx9QkLRnEJztGcaW3R4AaABAg.9QP5FsrANo-9QXq0jpvBGn,Тричрвена нација,neutral,positive,neutral,negative,negative,,0,3,0.0,,0.8,0.95
Ugx9QkLRnEJztGcaW3R4AaABAg.9QP5FsrANo-9T9J3r3uAAP,<УСЕР>-7в Гоце Делчев е написал: ШО Е МАКЕ СЕ Е ГОВНО!,neutral,positive,neutral,negative,negative,,0,3,0.0,,0.8,1.0
UgzXfrZeZBgdi5KvkCh4AaABAg.9QP5GWDPeFX9QQac3JimDN,ГОМНА ДА ЈАДЕ.,negative,positive,neutral,positive,negative,,0,3,0.0,,0.98,1.0
Ugz-1Nn2o3efz6sRdgJ4AaABAg.9QP5Hh46W4A9QQLOITXk0m,Бугарски ВОЛ,negative,positive,neutral,negative,positive,,0,3,0.0,,0.85,0.95
UgxDb1GcOOCdO5FXOkV4AaABAg.9hJz-gJotrc9hLDxlJ1wn7,"Ви благодариме на коментарот. Само ако може да прецизирате на кого од двајцата говорници му пишува на чело ""ВМРО"", а на кого ""лапам на мицкоски"". Се плашам дека не ве разбравме бидејќи не бевте прецизен што за кого е наменето. Срдечен братски поздрав од македонските комунисти",negative,positive,neutral,negative,positive,,0,3,0.0,,0.8,0.95
UgxQuh__f1ebR10SYzl4AaABAg,Бацев за прецедател на мкд,neutral,positive,neutral,negative,negative,,0,3,0.0,,0.8,0.95
UgxCwAsTxC_1yxaJ0xR4AaABAg,"Договорот помеѓу Македонија и Грција, дефинитивно ќе влезе во историјата на дипломатијата. Тој ќе биде единствениот договор во историјата помеѓу две држави, во кој едната држава за првпат во историјата на човештвото доброволно капитулира и се откажува од својата историја и култура. Го менува името на сопствената држава, а со тоа и националната припадност на своите граѓани. **Овој феномен ке претставува пример во историјата на дипломатијата, дека најголема закана по демократиите и националните држави се група на луѓе во власта подржани и платени од моќни центри, кои работат за уништување на националните суверени држави и бесрамно го лажат и манипулират сопствениот народ! **Овој така наречен премиер, ке влезе во историја како најголемиот и единствен прекршител на уставот на својата држава без да биде санкциониран или елиминиран. Предлогот за употребата на двојазичност-албанскиот јазик, Сквернавење на МПЦрква, договорот со Бугарија, и овој договор со Грција. Тоа е грубо и брутално кршење на уставот. После грубото и брутално кршење на уставот мора да следуват груби и брутални санкци и казни ако сакаме да имаме здрава национална држава! **Дека народот ке победи во овие тешки времиња и ке си ја одбрани и зачува татковината и дека оваја влада на СДС(М) ке биде од корен избришана, во тоа сум длабоко уверен! Народот не заборава и не простува! **Она што не сум уверен и сериозно ме загрижува е; Дали новата влада без разлика на политичката гарнитура ке има храброст и мотивација и најсериозно ке ги санкционира и строго осуди предавниците Заев и Димитров и лугето блиски до нив за продажбата на нашата татковина Македонија?",positive,positive,neutral,negative,negative,,0,3,0.0,,0.5,0.95
Ugz9HYWZLaVqOdKchxR4AaABAg,Куропусац 😂,neutral,positive,neutral,negative,positive,,0,3,0.0,,0.8,0.95
UgzM4g7h_phD1F7Ghot4AaABAg.ANLvxcHaSlIANS0NjUc1OE,хахахахахаха. Правец Бардовци за тебе.,positive,negative,neutral,negative,positive,,0,3,0.0,,0.8,0.95
Ugzb-9NakpyLsIGAlQh4AaABAg,ТРЛА БАБА ЛАН... 😄😄😄,positive,neutral,neutral,positive,negative,,0,3,0.0,,0.95,1.0
UgwIEvFrbUyeDNGtWC14AaABAg.ANDUo9Gg7-6ANFrz9JyGTI,<УСЕР>-е5н Кога ? Кога Белград варне името на улицата наречена на балгарина Гоце Делчев. Тогава ке стане! 😂😂👌👌🤣🤣,neutral,negative,neutral,negative,positive,,0,3,0.0,,0.8,0.95
UgwsGNbYlpqVK3FZrSZ4AaABAg.ANLx0g_doA1ANS0HQa-hEC,"Србија е најдобар сосед на Македонија. Македонците и Србите се вистинските браќа. За разлика од Татарстан (Бугарија), која има тотално негаторска политика спрема Македонија. Не признава народ еј?? Во 21 век? Ви е*ам татарските монголци...",negative,positive,neutral,negative,positive,,0,3,0.0,,0.8,0.95
UgyHud9L8EVE_gjQUtd4AaABAg.ANF56M53cbfANFl_obRfr-,Има не лажи,neutral,negative,neutral,positive,negative,,0,3,0.0,,0.85,0.9
UgxaJYEQL-1TeA5ckWt4AaABAg.9XZU44CfNEp9Xc2hviBlUL,"<УСЕР> Генетично балгарите и македонците са почти идентични. братски народи. Имат един и сашт корен. Имат почти манталитет, език и много други нешта ги сварзват.",neutral,negative,neutral,negative,positive,,0,3,0.0,,0.85,0.95
UgxZiu-z444mmCsxk9B4AaABAg,нјама да се плашите процеса е почнал ние сме с вас,neutral,negative,neutral,positive,negative,,0,3,0.0,,0.85,0.94
UgywQYeHK-bxrEl7zwp4AaABAg,Ке влезат на кукуво лето,negative,negative,neutral,positive,positive,,0,3,0.0,,0.85,0.95
UgynIfa5Zp9Az8wvHAp4AaABAg.9cxtzGZIEy_9cyv8CAa1nO,🇲🇰🇲🇰🇲🇰💪👌🦁🐅🐷🙈,neutral,positive,neutral,negative,positive,,0,3,0.0,,0.5,0.95
Ugzs4PXCHo1zZN6ZVE94AaABAg,"Зоки уци од Бисевац,има сто да науцис,камо се брани својата татковина.",neutral,positive,neutral,negative,negative,,0,3,0.0,,0.7,0.95
UgwXzs3MwgE6P-2WOsh4AaABAg,Браво бе Зоки Зар ти се влева на теренот облецен у зелен дрес Со французин тренер,positive,negative,neutral,negative,positive,,0,3,0.0,,0.8,0.95
UgxL2TrrD5pCarJWgTJ4AaABAg.9czu3IjGCBH9dPidFs958X,Две чрвени,neutral,negative,neutral,negative,positive,,0,3,0.0,,0.8,0.95
UgwUWMfEPon7BWy_76h4AaABAg,МАКЕДОНИЈА ДО СОЛУН,negative,positive,neutral,negative,positive,,0,3,0.0,,0.8,0.95
UgyE7-MPxs7Luv85vxp4AaABAg,Недајте се брацо Македонци ✊✊,negative,negative,neutral,positive,positive,,0,3,0.0,,0.85,0.95
UgxI2RqX79aohpj16g54AaABAg.8njPMTY2pic8nk0Y-46otY,УБАВА ИДЕЈА МУ ДАДЕ СЕГА И ЛИХНИДА КЕ ЈА БАРА ХАХА,negative,positive,neutral,positive,negative,,0,3,0.0,,0.85,0.95
UgwkwYIYKoFwLFKkuxh4AaABAg,Овој цовек заслузува да биде пресидент,neutral,negative,neutral,positive,positive,,0,3,0.0,,0.95,0.95
UgzRVzBpmc0uBFdr0594AaABAg,Ајде бе шетај,neutral,negative,neutral,negative,positive,,0,3,0.0,,0.8,0.95
Ugz7irjMDMJ85yYMHWB4AaABAg,"Тој Чепреганов е северјан, предавник на Македонскиот народ.",neutral,positive,neutral,negative,negative,,0,3,0.0,,0.8,1.0
Ugxjz2nZzalv0GCke5R4AaABAg,"Помлада, поретардирана и посмотана верзија на Цомовски",neutral,positive,neutral,negative,negative,,0,3,0.0,,0.8,0.95
Ugxq9gbhsmA6Pd3wXR14AaABAg,На Македонија и требаат менадгери кои имаат контакти кои ке и го обезбеди пласмано на пазарите,neutral,positive,neutral,positive,negative,,0,3,0.0,,0.85,0.95
Ugysz-0EidufyCVA3-t4AaABAg,"Јас се гордеам сто те гласав.Панце не ти е ни до глуздови.Му требаат 3 минути да сроци една реценица.Не дај Бозе да ти е адвокат го губис делото и ако не треба 100%.Ти,блазе на таа мајка сто те роди и тие родители сто те одгледаа.Нека ги дигнат главите гордо и високо ти БЛЕСКАС во собранието.Панце не ти е близу ни до малиот прст.Не знам Апасиев дали ке ти даде помалку од 10 за ораторство👏👏👏👏АМАР❤",negative,negative,neutral,positive,positive,,0,3,0.0,,0.85,0.98
UgzVKE_KZ8nNASbyeiB4AaABAg,"🤣ВЕТО,ВЕТО И ПАК ВЕТО",neutral,positive,neutral,positive,negative,,0,3,0.0,,0.85,1.0
UgzgIWIP340658H05Id4AaABAg,И толд јоу со. ВЕТО МЕАНС ВЕТО!,neutral,positive,neutral,negative,negative,,0,3,0.0,,0.8,0.95
Ugx2A1ysazcupIzoVj14AaABAg.ACAT4ZaUdhnACBxvdEt2ZB,<УСЕР> Он збори за тоа ние што сме попалени по Србија и што ја слушаме. Од тоа не заостанува.,neutral,negative,neutral,negative,positive,,0,3,0.0,,0.8,0.95
UgwVFEJuhsbPWbyo5SF4AaABAg,Ова е зива вистина,neutral,negative,neutral,positive,negative,,0,3,0.0,,0.85,0.95
UgwV1YBMM9pGAV9-XSl4AaABAg,"Спрете да се самоблокирате за отпочнуването на преговорите, в интерес на трети страни.",negative,neutral,neutral,positive,negative,,0,3,0.0,,0.85,0.95
UgxGMAAWN7w73vq3LaB4AaABAg,"Трјабва да признаем, че ние балгарите всаштност сме монголци. 💪🏿✌🏿🇧🇬🇲🇳",positive,negative,neutral,negative,positive,,0,3,0.0,,0.8,0.95
UgxvWCoDr2HKEfg2y9t4AaABAg.9atSQgCU-sP9atZQw9pSJZ,<УСЕР>.1.1Супер. А вие ке ни правите компанија од соседна Северна Кореја.😁,neutral,negative,neutral,positive,positive,,0,3,0.0,,0.85,0.95
UgwrAgij7TXqcKCJC3J4AaABAg.9avn5ZID3c39aw1RoTg2f4,всички ние монголските балгари сме такива от раждането. ХАХАХАХАХА 🤣🤣,neutral,positive,neutral,negative,positive,,0,3,0.0,,0.8,0.95
UgwrAgij7TXqcKCJC3J4AaABAg.9avn5ZID3c39aw2l2Ele2e,една даржава — една вјара 🇧🇬🇲🇳🕌,neutral,positive,neutral,negative,positive,,0,3,0.0,,0.8,0.95
UgyJZoL_noWQhugF_bF4AaABAg,😂😂😂😂😂😂Когато впише балгарите в устава,neutral,positive,neutral,negative,negative,,0,3,0.0,,0.8,0.95
UgwEUhDSfFLBovgrdnx4AaABAg,Сад сторј Мацедониан пеопле,neutral,negative,neutral,negative,positive,,0,3,0.0,,0.7,0.95
UgwmKhC3LfEi9OANowZ4AaABAg,Ајде еуропен несе забавај со македониа,neutral,negative,neutral,negative,positive,,0,3,0.0,,0.8,0.95
UgzjKUaM_X5H3wtYOn54AaABAg,😂😂😂😂,neutral,positive,neutral,positive,negative,,0,3,0.0,,0.98,1.0
Ugw_cZ0nWpdYdO-GLhN4AaABAg.9UeEY8vRKNu9Uft289D3gH,александар б ние сме тези за които вие титовците си мечтаете да бадете 😃,neutral,positive,neutral,positive,negative,,0,3,0.0,,0.85,0.95
Ugw_cZ0nWpdYdO-GLhN4AaABAg.9UeEY8vRKNu9Ug1nV021QE,александар б титовче като си на тема музика пусни александровото оро от Мелбарн страшен фолклор имате 😂,neutral,positive,neutral,positive,negative,,0,3,0.0,,0.85,0.95
UgxE2SQj9AqgpvNV7ER4AaABAg,Леле сироти ке мораат да зборуваат Пиринмакедонски👍☀️ 🇲🇰...,neutral,negative,neutral,positive,positive,,0,3,0.0,,0.85,0.95
UgxE2SQj9AqgpvNV7ER4AaABAg.9Ue7APuu1Pb9UeOrgzKOYq,<УСЕР> Ви треба еден како Блазе Коневски за писмо и култура🤣😂🤣...,neutral,negative,neutral,negative,positive,,0,3,0.0,,0.8,0.95
Ugw3NXjgtNzHtza6-xl4AaABAg.9UewvaBmlrA9Uf0CqsCWLu,"Хахааа еј го декември иде, ти само се приготви. Вдигаме го ветото.",neutral,negative,neutral,negative,positive,,0,3,0.0,,0.7,0.95
Ugw3NXjgtNzHtza6-xl4AaABAg.9UewvaBmlrA9Uf2Y3U-yVh,Ве’лл сее абоут тхат!✊,positive,negative,neutral,negative,positive,,0,3,0.0,,0.7,0.95
UgxTUWznUqEbXChFqYt4AaABAg,Ова е појачано МАПЕТ ШОУ,negative,negative,neutral,neutral,positive,,0,3,0.0,,0.7,0.95
UgxrcREWJV35DidGfbh4AaABAg,Ѓубре Македонско си ти заедно со Инфомакс,neutral,negative,neutral,positive,negative,,0,3,0.0,,0.85,0.95
UgwXlE-EFsEZpNro3tV4AaABAg,Све је лук и вода...,neutral,negative,neutral,negative,positive,,0,3,0.0,,0.8,0.95
UgzLx2CwkQcssuk8N7N4AaABAg,Зоки зоки зоки до гуса си во го..а!!!😂😂😂,neutral,negative,neutral,negative,positive,,0,3,0.0,,0.8,0.95
UgyDWIISpkKSxDzDoed4AaABAg,Ти посакуваме Зајко вака да бидес срекен и после гласање во парламентот и посебно после предвремените избори...и така срекен како денес да те испратиме во историјата...таму некаде со љубцо бранко буцко ...верувам ке бидете срекни заедно ДА ЗИВЕЕ РЕПУБЛИКА МАКЕДОНИЈА,neutral,positive,neutral,negative,negative,,0,3,0.0,,0.8,0.95
UgynezRE5yqs3Um_q8Z4AaABAg,Погодиниве це станет,positive,positive,neutral,neutral,negative,,0,3,0.0,,0.7,0.95
UgyZsutSjpV_p9hWNUl4AaABAg,Сорт за предавниците на Македонија.,neutral,positive,neutral,negative,negative,,0,3,0.0,,0.8,0.95
UgytrR-gwuzVqWuo60F4AaABAg.8lq1xYODE6s8lqNCnYbNmg,Референдумот успеа за тие сто гладаа и тоцка.,positive,positive,neutral,negative,negative,,0,3,0.0,,0.8,0.95
UgzuFOpzvnOYX1xrkAp4AaABAg,Еу и Нато Така е Господине заев,neutral,positive,neutral,positive,negative,,0,3,0.0,,0.85,0.95
Ugzu7jFDL0OMbSE77kF4AaABAg.9VAaE_4Vaq49VDg8tAT3qF,Отроден време е дасе скорнеш!,neutral,positive,neutral,positive,negative,,0,3,0.0,,0.85,0.95
UgzSYA2ZmDhqxTieKWB4AaABAg,"Договорот помеѓу Македонија и Грција, дефинитивно ќе влезе во историјата на дипломатијата. Тој ќе биде единствениот договор во историјата помеѓу две држави, во кој едната држава за првпат во историјата на човештвото доброволно капитулира и се откажува од својата историја и култура. Го менува името на сопствената држава, а со тоа и националната припадност на своите граѓани. **Овој феномен ке претставува пример во историјата на дипломатијата, дека најголема закана по демократиите и националните држави се група на луѓе во власта подржани и платени од моќни центри, кои работат за уништување на националните суверени држави и бесрамно го лажат и манипулират сопствениот народ! **Овој така наречен премиер, ке влезе во историја како најголемиот и единствен прекршител на уставот на својата држава без да биде санкциониран или елиминиран. Предлогот за употребата на двојазичност-албанскиот јазик, Сквернавење на МПЦрква, договорот со Бугарија, и овој договор со Грција. Тоа е грубо и брутално кршење на уставот. После грубото и брутално кршење на уставот мора да следуват груби и брутални санкци и казни ако сакаме да имаме здрава национална држава! **Дека народот ке победи во овие тешки времиња и ке си ја одбрани и зачува татковината и дека оваја влада на СДС(М) ке биде од корен избришана, во тоа сум длабоко уверен! Народот не заборава и не простува! **Она што не сум уверен и сериозно ме загрижува е; Дали новата влада без разлика на политичката гарнитура ке има храброст да најсериозно строго ги осуди предавниците Заев, Димитров и лугето блиски до нив за продажбата на нашата татковина Македонија? Во спротивно народот Македонски мора да им пресуди на сите!",positive,positive,neutral,negative,negative,,0,3,0.0,,0.57,0.95
UgyPmGVcvmeZawPI7KN4AaABAg,"За АЛФА ТВ ❤️ Редовно следам, на порталите.. Недостига економија, домасна И глобална.",neutral,negative,neutral,positive,positive,,0,3,0.0,,0.85,0.95
UgyvVxewY9oi_M_WRRl4AaABAg,Ова е првиот чекор на краиот на гнасната вештачка коминтернова творба севержано- бановина. Почитувани севержано -бановини за срекиа доиде краиот на гнасната вештачка коминтернова творба севержано- бановина 🎪🇲🇰🎪,neutral,positive,neutral,negative,negative,,0,3,0.0,,0.8,0.95
UgznUXs9OYyzl4tayVp4AaABAg,Ова е резултат на предавниците од македонија,neutral,positive,neutral,negative,negative,,0,3,0.0,,0.8,0.95
Ugyk9RrYfHoL69U5nLp4AaABAg.AKMVWugW10-AKMpcTt22vY,25 ВЕКА МАКЕДОНЦИ во МАКЕДОНИЈА ! ! Срби... у Дунав.,neutral,positive,neutral,negative,negative,,0,3,0.0,,0.8,0.95
UgxRSeVtfQvQJnFjMBl4AaABAg.AKND-KwTwwuAKOHE-I5JeQ,Бут јоу'ре гоинг то студј анд ворк ин Вестерн Еуропеан цоунтриес анд нот Руссиа 🙂,neutral,negative,neutral,positive,positive,,0,3,0.0,,0.85,0.95
Ugy1MsW43AHi1o3py2N4AaABAg.AKMUJ-8Xit3AKMVCNFByac,И Македонија да стане поголема бедотија од Албанија во времето на Енвер Хоџа. Предобра идеја!,positive,positive,neutral,negative,negative,,0,3,0.0,,0.7,0.95
Ugy1MsW43AHi1o3py2N4AaABAg.AKMUJ-8Xit3AKOlaS-GSLc,<УСЕР>-о4к МАКЕДОНСКИ ЈАЗИК во МАКЕДОНИЈА ! ! !,neutral,positive,neutral,negative,positive,,0,3,0.0,,0.8,0.95
UgwKfJGT7hPWS-hRl5d4AaABAg,"Заедно,не е толкова страшно,както трјабва да баде, зашто са се трепали толкова хора по таја земја,да ги е јад душманите, заедно треба!😮😢🎉",negative,neutral,neutral,positive,positive,,0,3,0.0,,0.85,0.85
Ugz9mPhwXHs2xY9lKcd4AaABAg,И се уште треба да сме ЗА 🇪🇺❓,neutral,positive,neutral,negative,positive,,0,3,0.0,,0.8,0.95
Ugz9mPhwXHs2xY9lKcd4AaABAg.AKMX9CAk-KMAKMuUW-ZGcs,Вракјајте бодливата тел со Бугарија и се дражте за српски свет,neutral,positive,neutral,negative,negative,,0,3,0.0,,0.8,0.95
UgxihZC07Uyk4bn6K2Z4AaABAg.AKMYU8uH8M9AKMon0Ma0ge,Балгарија е в ЕУ и исполнува всичко110% колкото и да го отричате това севержани.,neutral,negative,neutral,positive,positive,,0,3,0.0,,0.85,0.95
UgxihZC07Uyk4bn6K2Z4AaABAg.AKMYU8uH8M9AKOGoMEARn_,@бацко-е7рМајмунеее🐒🐒🐒,neutral,positive,neutral,negative,negative,,0,3,0.0,,0.8,0.95
UgzP7rYdAq6QSFSOQ1V4AaABAg.9FqkOO8qT2s9FqqmVRZk3c,"Јури Стефанов, а останалите да си припомнјат супата на Чичовото.",neutral,positive,neutral,negative,negative,,0,3,0.0,,0.8,0.95
UgzP7rYdAq6QSFSOQ1V4AaABAg.9FqkOO8qT2s9wUmdfnliHJ,<УСЕР> ТАТЈАНА МАКЕДОНКА. вол @.,neutral,positive,neutral,negative,negative,,0,3,0.0,,0.8,0.95
UgzRfM3SK0VSra5O5H14AaABAg.9FtVKmOLS5a9FvzFRkZ3OC,Георге Павлов со само 200 плата јас многу подобро ќе зивеам од сто ќе зивеам во булгарија само 200 евра булгарска или европска плата ! Еден Македонец во Македонија е иљади пати побогат од да имас само 200 евра булгарска плата ! Фактицки ние сме многу богати или побогати од само 200 евра булгарска или европска плата ! Кој е побогат да имас само 200 евра плата во Македонија или булгарија сигурно во Македонија сум многу побогат од да имам во вастата булгарја само 200 евра плата !,neutral,negative,neutral,negative,positive,,0,3,0.0,,0.85,0.95
UgzRfM3SK0VSra5O5H14AaABAg.9FtVKmOLS5a9FyJ9heOdnv,црвени ружи ти мене многу ме повреди ама сепак сме ние пријатели јас целосно те опростувам !,negative,negative,neutral,positive,positive,,0,3,0.0,,0.85,0.85
UgzRfM3SK0VSra5O5H14AaABAg.9FtVKmOLS5a9FyV8gcJnDQ,црвени ружи дури сега од денецниот ден прв пат јадам нека ми биде за срејка ! 8 сати наработа плус еден саат пауза це 9 сати плус на одење наработа мене ми треба еден саат одење и еден саат врајкање 11 сати нанозе едвај цекам мојот прво јадење токму сега !,neutral,negative,neutral,positive,positive,,0,3,0.0,,0.85,0.95
UgzRfM3SK0VSra5O5H14AaABAg.9FtVKmOLS5a9G0JRI6U7Ll,црвени ружи секогас некој други одлусаа или одлусиле за мојот зивот тоа е вејке минато од сега јас самиот одлусувам за мојот зивот само да сум срејкен узвари девојката моја да ми биде срејкна ! Девојките поснаа скрсум да ме гледаат како да негледам ми даваат насмевка ! Од далеку мене ме гледаат и ми дават насмевка како да це заљубени јас си мислам ! Незнам сто знаси ова како да це заљубени во мене не само една многу повејке од една сите скрисум ме гледаат ! Јас немам само една девојка имам повејке од иљада девојки сто мене ме љубат не само една повејке од иљада девојки не само една една цудна работа !,neutral,negative,neutral,positive,positive,,0,3,0.0,,0.85,0.95
UgzRfM3SK0VSra5O5H14AaABAg.9FtVKmOLS5a9G0KOU5rQhF,црвени ружи сега несакам да зборвам или зборувам глупости девојките мене ме гледаат сто оди стално со насмевка иако многу пати ! Ако одам со насмевка сум многу ведар со огромна брзина со мојот громногласен глас ! Имам еден громогласен глас цедев во балканот и некако казав јас од мојот надес никогас нема да це предавам после помина една млада девојка и ми даде насмевка многу пријатна насмевка це цудам ! Насмевката весе многу изкрена !,negative,negative,neutral,positive,positive,,0,3,0.0,,0.85,0.95
UgzRfM3SK0VSra5O5H14AaABAg.9FtVKmOLS5a9G0Y6gOWYB5,црвени ружи како да е цудо не само една ќеркицка дури и нејзината мајкицка двете це заљубиле во мене има дури слусаеви дека две сестри или три или повејке сите це заљубиле во мене ! Сто е цудно сите зени или девојки ме љубат само мене дали мајки или ќерки ме љубат само мене дури тие це караат заради мене ! Сто е цудно ова е цудно навистина ти велам дури мајки и ќерки це караат заради мене коси ќе си корнат !,neutral,negative,neutral,negative,positive,,0,3,0.0,,0.8,0.95
UgzRfM3SK0VSra5O5H14AaABAg.9FtVKmOLS5a9G0ZVwCjd2b,"црвени ружи за тебе ти звуси цудно секоја зена или зена сака да биде мојата кралица еден сто сака да биде еден победник сто ги победи сите , јас никогас немам да дозволам да станам еден губитник оти сакам и це борам да бидам еден победник ! Секој сака да це друзи со победници ама никогас со губитници ! Победникот е оној кој никогас не це предава за својот надес ама оној знај кој це предава е оној е само еден губитник ама никогас еден победник ! Секој сака да биде еден победник сто ги победи сите ама не мозе секој да биде еден победник мора да има и губитници ! Еден губитник не признава дека е губитник ама сака да биде еден победник ! Не мозе секој да биде еден победник мора да има и губитници не само победници !",neutral,negative,neutral,positive,negative,,0,3,0.0,,0.85,0.93
UgzRfM3SK0VSra5O5H14AaABAg.9FtVKmOLS5a9G2BqL4iy_-,"црвени ружи сакам една куклицка слицно на Стојне Николова од Срумица ! Јас сакам такви зени или девојки сто це слицни на Стојне Николова , мојата девојка е слицна како прекразната Стојне Николова како да це Сестри или братуцеди ! Мојата девојка потекнува од Срумица или околина зивее во најбавиот македонски град Охрид !",neutral,negative,neutral,positive,positive,,0,3,0.0,,0.85,0.95
UgzRfM3SK0VSra5O5H14AaABAg.9FtVKmOLS5a9G2CQuCcILP,црвени ружи ако ми бил мозно дури во Стојне Николива би це заљубил ама неа не ја познавам си најдов една мома цупе или девојка слицна како Стојне Николова ! Порано имав една девојка сто бесе слицна исто како Стојне Николова ама да зал бесе верена ! Јас љубам девојки слицна како Прекразната Стојне од Срумица Николова ! Такви девојки јас сакам слицни како Прекразната Стојне Николова мојата куклицка !,neutral,negative,neutral,negative,positive,,0,3,0.0,,0.8,0.95
UgzRfM3SK0VSra5O5H14AaABAg.9FtVKmOLS5a9G2PsTSMWmr,црвени ружи јас це заљубив во една слицна како Стојне Николова слицни карактеристики ! Многу ја љубам ако треба за неа зивот би дал мојата принцтеза или кралица ! Јас сум богат ама никогас сиромав це борам да небидам сиромав сакам да бидам богат узвари богат сум ама никогас сиромав ! Дури и богатите сакаат млади девојки ама никогас стари зени ! Имам една тетка околу 65 бара богати мази тука нема Чанци да најде еден богат маз озвен ако е млада некаде окулу 18 да биде млада ! Доста мази или децкови прасав сите ми велат барам или сакам девојка не една курва !,neutral,positive,neutral,negative,negative,,0,3,0.0,,0.8,0.97
UgzRfM3SK0VSra5O5H14AaABAg.9FtVKmOLS5a9G59iHD4K2G,"црвени ружи јас ги прасувам љугето дали има совет за мене јас си имам самиот совет за мене не некој друг ! Јас знам сто сакам верувам во себе дури самиот љубов си давам , секогас кога си гледам во огредало јас си давам самиот себе една насмевка и си велам секој ден е убав ден ! Никој нема совет за мене узвари имам само совет за мене ! Никој бас никој нема право некој друг да одлуси за мене или мојот зивот јас одлусувам само за мене ама никој друг ! Зелбата сто со мерак или сон еден ден ќе ми це освари и це борам за ова ! Ако си еден победник станувас еден крал или цар , мојата девојка ќе биде и кралива царица дури мојата принцтеза ! Како це писува ? Мојата прва девојка ќе биде девојка сто јас прв пат ќе ја направам зена ама и таа мене маз !",neutral,negative,neutral,positive,positive,,0,3,0.0,,0.85,0.95
UgzRfM3SK0VSra5O5H14AaABAg.9FtVKmOLS5a9GFw8Fc1Q_C,црвени ружи јас за мојте сакани дури зивот давам па макар никогас да дојдеме заедно це зртвувам за неа мојата нсјсакана и сите мој најсакани за сите нив зивот давам оти знам дека сум љубов це бори несака да зивее еден зивот без смисла ! Како сто знам дека вистинската смисла од зивотот е токму љубовта да давас љубов и да примас љубов со најсилното орузје како сто знам це вика љубовта ! Против љубовта не мозе ниту едно зло да це бори против љубовта со најсилното орузје љубовта со љубовта мозес дури целиот свет да го освоис ќе ти паднат на колена !,neutral,negative,neutral,positive,positive,,0,3,0.0,,0.85,0.95
Ugy5rXVjBykTFsPNnqV4AaABAg.9Fq_GG8C63Y9Fqp88Faswa,Работата е повлечена и нема вракјане наназад!,neutral,negative,neutral,positive,positive,,0,3,0.0,,0.85,0.95
UgyyvwX8k8d28Hw8iuF4AaABAg,"Ексцепт оне оф мј мотхер’с сиде, алл оф мј анцесторс цаме фром Булгариа. И гуесс соме оф оур релативес стилл ливе ин Кирдјали анд Лудогорие. И хаве невер беен ин Булгариа. И онлј кнов а фев Булгариан вордс. И хаве мет а фев Булгарианс вхиле И вас он холидај ат Кусадаси. Соме оф тхем хад триед то спеак Булгариан витх ме. И белиеве тхат мост Булгарианс хаве ТуркоМонголиан рооц. Фор тхис реасон, Булгариа ис а специал цоунтрј фор ме.",neutral,negative,neutral,positive,positive,,0,3,0.0,,0.82,0.85
UgySuur4Mo3tNmsLrjR4AaABAg.9cIEZVhRtm69cIQoduW2WW,"Нашио поет, директно од Јелисејската палата",neutral,positive,neutral,negative,positive,,0,3,0.0,,0.85,0.95
UgySuur4Mo3tNmsLrjR4AaABAg.9cIEZVhRtm69cIUH0-C7SQ,"<УСЕР> тоа беше комплимент бе вампиру Ване, јас сум твој фан",neutral,negative,neutral,positive,positive,,0,3,0.0,,0.98,0.95
UgyVEsMYXVCpi7FVEEh4AaABAg.9cIB3ViP9xZ9cIRYYzv8uu,<УСЕР> 😄 🔫,neutral,positive,neutral,negative,negative,,0,3,0.0,,0.8,0.95
UgyVEsMYXVCpi7FVEEh4AaABAg.9cIB3ViP9xZ9cIYUmPVpjO,<УСЕР> Татар Митко (мј беба цаллед ме саме) орада јорум јапмак иçин пара öдедин ми,neutral,negative,neutral,positive,negative,,0,3,0.0,,0.85,0.94
UgyFmvyX0lMMQWNHvHZ4AaABAg.9caeG3dVTlT9sx16r5KTuS,блгари јунк. МАКЕДОНСКИ НАРОД 25 ВЕКА. од ФИЛИП КРАЛ НА МАКЕДОНИЈА ИВ век пред оваа ера до денес КСКСИ век. ДА З'ИВЕЕ М А К Е Д О Н И Ј А !!,neutral,negative,neutral,positive,positive,,0,3,0.0,,0.85,0.95
UgyFmvyX0lMMQWNHvHZ4AaABAg.9caeG3dVTlT9wURhLu_aM5,"<УСЕР> Македонија постои од 30 години, какви 25 века 😂😂😂😂",neutral,positive,neutral,negative,negative,,0,3,0.0,,0.8,0.95
UgyFmvyX0lMMQWNHvHZ4AaABAg.9caeG3dVTlT9xtIABYXbho,<УСЕР> МАКЕДОНИЈА -- 25 ВЕКА. од ФИЛИП КРАЛ. ти сдс ѓубре.,neutral,positive,neutral,negative,negative,,0,3,0.0,,0.8,0.95
Ugz8g7skeo8KvVcou4l4AaABAg.9cleTikowF19sx0ajdXuM0,<УСЕР> ТАТЈАНА МАКЕДОНКА. вол @.,neutral,positive,neutral,negative,negative,,0,3,0.0,,0.8,0.95
Ugxx8VLjAXtNYl-8UUR4AaABAg,Кавадаречко влијание😂,neutral,positive,neutral,negative,negative,,0,3,0.0,,0.8,0.95
UgxJPtrfmVStBdUvOOR4AaABAg.A0lkhajyaGwA0qPybSeI-W,😂😂😂😂,neutral,positive,neutral,positive,negative,,0,3,0.0,,0.98,1.0
UgxJPtrfmVStBdUvOOR4AaABAg.A0lkhajyaGwA20tjbG0Xla,Татар мрш во Татарстан ете таму имате држава!,neutral,positive,neutral,positive,negative,,0,3,0.0,,0.85,0.95
Ugym3uNVxNKsFljbZ-h4AaABAg,Коле договора е един от критериите които не изпалнјаваш 😀,neutral,positive,neutral,negative,negative,,0,3,0.0,,0.85,0.95
Ugw2OZmPfTO16vxo3kB4AaABAg,Да се приклуциме на брод сто тоне...многу паметно,neutral,positive,neutral,negative,positive,,0,3,0.0,,0.7,0.95
UgyZJU1FJJePRTJOTH14AaABAg,една даржава — една вјара 🇧🇬🇲🇳🕌,neutral,positive,neutral,negative,positive,,0,3,0.0,,0.8,0.95
UgyDndAlG9Ej-LKf6xF4AaABAg.9b911NrHA0G9b9k-aj0JU7,Со среќа преку планините. Ние не сме рамница како Украина.,neutral,positive,neutral,negative,negative,,0,3,0.0,,0.7,0.95
UgyDndAlG9Ej-LKf6xF4AaABAg.9b911NrHA0G9bB1Fs6RfLW,<УСЕР> А мога питај жена ти тја крастав го давче 🤣,neutral,positive,neutral,negative,negative,,0,3,0.0,,0.8,0.95
Ugwj0KpuKe2jrGJAuTN4AaABAg.9chKjXsYn8f9cheG5u1vAi,<УСЕР> Сите за слободна србска бановина.,neutral,positive,neutral,negative,positive,,0,3,0.0,,0.8,0.95
Ugxto6KFuyLdQUwP-9l4AaABAg,Честитам Макрон зборува денес на отдвоуване на Албанија и РСМ.,neutral,positive,neutral,positive,negative,,0,3,0.0,,0.85,0.94
UgyXkxI-aceiTvj2hZ14AaABAg.9chdzijiacf9cn6Ae4R1xo,<УСЕР> а ти си наследник на балгари,neutral,positive,neutral,negative,negative,,0,3,0.0,,0.7,0.95
UgyXkxI-aceiTvj2hZ14AaABAg.9chdzijiacf9wbgknPAUHF,<УСЕР> ТАТЈАНА МАКЕДОНКА. вол @.,neutral,positive,neutral,negative,negative,,0,3,0.0,,0.8,0.95
Ugx4VvM02cCXFqdAb5N4AaABAg.9enjMHFw9v-9x7G4ldZtla,ГРИГОР РОДЕН 1830 во Охрид -- МАКЕДОНИЈА. ГРИГОР ПРЛИЦ'ЕВ Е МАКЕДОНЕЦ.,neutral,negative,neutral,positive,positive,,0,3,0.0,,0.95,1.0
UgyiLIT3Bt1nidYGRxB4AaABAg,"... Не под ""диктат"" на ""бугарите"", а под ""диктат"" на ... ФАКТИТЕ ...👍 ...",neutral,negative,neutral,positive,positive,,0,3,0.0,,0.85,0.95
UgwU6kBm1GxSZriYpoV4AaABAg,Истината ште ви освободи от маките,neutral,negative,neutral,negative,positive,,0,3,0.0,,0.8,0.95
UgwU6kBm1GxSZriYpoV4AaABAg.9eqWbhAuldX9x7FaZlvEJI,ВИСТИНА !! МАКЕДОНСКИ НАРОД 25 ВЕКА од ФИЛИП КРАЛ. други - јунк.,neutral,negative,neutral,negative,positive,,0,3,0.0,,0.8,0.95
UgxW1-VK6UQ8m3kpeWx4AaABAg,Кој победи во канадската борба меѓу Заев и Борисов ја зема Македонија. Ова е анексот на договорот.,neutral,positive,neutral,negative,negative,,0,3,0.0,,0.7,0.95
UgwgeciRyVaIpaO6uE94AaABAg,Само тикви без семки имаат бугарски корени👍...,neutral,negative,neutral,positive,positive,,0,3,0.0,,0.85,0.95
